<?xml version="1.0" encoding="UTF-8"?>
<root>
  <item name="com.google.android.exoplayer2.source.TrackGroup int normalizeRoleFlags(int)">
    <annotation name="androidx.annotation.IntDef">
      <val name="flag" val="true" />
      <val name="value" val="{com.google.android.exoplayer2.C.ROLE_FLAG_MAIN, com.google.android.exoplayer2.C.ROLE_FLAG_ALTERNATE, com.google.android.exoplayer2.C.ROLE_FLAG_SUPPLEMENTARY, com.google.android.exoplayer2.C.ROLE_FLAG_COMMENTARY, com.google.android.exoplayer2.C.ROLE_FLAG_DUB, com.google.android.exoplayer2.C.ROLE_FLAG_EMERGENCY, com.google.android.exoplayer2.C.ROLE_FLAG_CAPTION, com.google.android.exoplayer2.C.ROLE_FLAG_SUBTITLE, com.google.android.exoplayer2.C.ROLE_FLAG_SIGN, com.google.android.exoplayer2.C.ROLE_FLAG_DESCRIBES_VIDEO, com.google.android.exoplayer2.C.ROLE_FLAG_DESCRIBES_MUSIC_AND_SOUND, com.google.android.exoplayer2.C.ROLE_FLAG_ENHANCED_DIALOG_INTELLIGIBILITY, com.google.android.exoplayer2.C.ROLE_FLAG_TRANSCRIBES_DIALOG, com.google.android.exoplayer2.C.ROLE_FLAG_EASY_TO_READ, com.google.android.exoplayer2.C.ROLE_FLAG_TRICK_PLAY}" />
    </annotation>
  </item>
  <item name="com.google.android.exoplayer2.source.TrackGroup int normalizeRoleFlags(int) 0">
    <annotation name="androidx.annotation.IntDef">
      <val name="flag" val="true" />
      <val name="value" val="{com.google.android.exoplayer2.C.ROLE_FLAG_MAIN, com.google.android.exoplayer2.C.ROLE_FLAG_ALTERNATE, com.google.android.exoplayer2.C.ROLE_FLAG_SUPPLEMENTARY, com.google.android.exoplayer2.C.ROLE_FLAG_COMMENTARY, com.google.android.exoplayer2.C.ROLE_FLAG_DUB, com.google.android.exoplayer2.C.ROLE_FLAG_EMERGENCY, com.google.android.exoplayer2.C.ROLE_FLAG_CAPTION, com.google.android.exoplayer2.C.ROLE_FLAG_SUBTITLE, com.google.android.exoplayer2.C.ROLE_FLAG_SIGN, com.google.android.exoplayer2.C.ROLE_FLAG_DESCRIBES_VIDEO, com.google.android.exoplayer2.C.ROLE_FLAG_DESCRIBES_MUSIC_AND_SOUND, com.google.android.exoplayer2.C.ROLE_FLAG_ENHANCED_DIALOG_INTELLIGIBILITY, com.google.android.exoplayer2.C.ROLE_FLAG_TRANSCRIBES_DIALOG, com.google.android.exoplayer2.C.ROLE_FLAG_EASY_TO_READ, com.google.android.exoplayer2.C.ROLE_FLAG_TRICK_PLAY}" />
    </annotation>
  </item>
  <item name="com.google.android.exoplayer2.source.TrackGroup java.lang.String keyForField(int) 0">
    <annotation name="androidx.annotation.IntDef">
      <val name="value" val="{com.google.android.exoplayer2.source.TrackGroup.FIELD_FORMATS, com.google.android.exoplayer2.source.TrackGroup.FIELD_ID}" />
    </annotation>
  </item>
  <item name="com.google.android.exoplayer2.source.TrackGroup type">
    <annotation name="androidx.annotation.IntDef">
      <val name="open" val="true" />
      <val name="value" val="{com.google.android.exoplayer2.C.TRACK_TYPE_UNKNOWN, com.google.android.exoplayer2.C.TRACK_TYPE_DEFAULT, com.google.android.exoplayer2.C.TRACK_TYPE_AUDIO, com.google.android.exoplayer2.C.TRACK_TYPE_VIDEO, com.google.android.exoplayer2.C.TRACK_TYPE_TEXT, com.google.android.exoplayer2.C.TRACK_TYPE_IMAGE, com.google.android.exoplayer2.C.TRACK_TYPE_METADATA, com.google.android.exoplayer2.C.TRACK_TYPE_CAMERA_MOTION, com.google.android.exoplayer2.C.TRACK_TYPE_NONE}" />
    </annotation>
  </item>
</root>

