<?xml version="1.0" encoding="UTF-8"?>
<root>
  <item name="com.google.android.exoplayer2.util.EGLSurfaceTexture android.opengl.EGLContext createEGLContext(android.opengl.EGLDisplay, android.opengl.EGLConfig, int) 2">
    <annotation name="androidx.annotation.IntDef">
      <val name="value" val="{com.google.android.exoplayer2.util.EGLSurfaceTexture.SECURE_MODE_NONE, com.google.android.exoplayer2.util.EGLSurfaceTexture.SECURE_MODE_SURFACELESS_CONTEXT, com.google.android.exoplayer2.util.EGLSurfaceTexture.SECURE_MODE_PROTECTED_PBUFFER}" />
    </annotation>
  </item>
  <item name="com.google.android.exoplayer2.util.EGLSurfaceTexture android.opengl.EGLSurface createEGLSurface(android.opengl.EGLDisplay, android.opengl.EGLConfig, android.opengl.EGLContext, int) 3">
    <annotation name="androidx.annotation.IntDef">
      <val name="value" val="{com.google.android.exoplayer2.util.EGLSurfaceTexture.SECURE_MODE_NONE, com.google.android.exoplayer2.util.EGLSurfaceTexture.SECURE_MODE_SURFACELESS_CONTEXT, com.google.android.exoplayer2.util.EGLSurfaceTexture.SECURE_MODE_PROTECTED_PBUFFER}" />
    </annotation>
  </item>
  <item name="com.google.android.exoplayer2.util.EGLSurfaceTexture void init(int) 0">
    <annotation name="androidx.annotation.IntDef">
      <val name="value" val="{com.google.android.exoplayer2.util.EGLSurfaceTexture.SECURE_MODE_NONE, com.google.android.exoplayer2.util.EGLSurfaceTexture.SECURE_MODE_SURFACELESS_CONTEXT, com.google.android.exoplayer2.util.EGLSurfaceTexture.SECURE_MODE_PROTECTED_PBUFFER}" />
    </annotation>
  </item>
  <item name="com.google.android.exoplayer2.util.EGLSurfaceTexture.SecureMode">
    <annotation name="androidx.annotation.IntDef">
      <val name="value" val="{com.google.android.exoplayer2.util.EGLSurfaceTexture.SECURE_MODE_NONE, com.google.android.exoplayer2.util.EGLSurfaceTexture.SECURE_MODE_SURFACELESS_CONTEXT, com.google.android.exoplayer2.util.EGLSurfaceTexture.SECURE_MODE_PROTECTED_PBUFFER}" />
    </annotation>
  </item>
  <item name="com.google.android.exoplayer2.util.FileTypes int inferFileTypeFromMimeType(java.lang.String)">
    <annotation name="androidx.annotation.IntDef">
      <val name="value" val="{com.google.android.exoplayer2.util.FileTypes.UNKNOWN, com.google.android.exoplayer2.util.FileTypes.AC3, com.google.android.exoplayer2.util.FileTypes.AC4, com.google.android.exoplayer2.util.FileTypes.ADTS, com.google.android.exoplayer2.util.FileTypes.AMR, com.google.android.exoplayer2.util.FileTypes.FLAC, com.google.android.exoplayer2.util.FileTypes.FLV, com.google.android.exoplayer2.util.FileTypes.MATROSKA, com.google.android.exoplayer2.util.FileTypes.MP3, com.google.android.exoplayer2.util.FileTypes.MP4, com.google.android.exoplayer2.util.FileTypes.OGG, com.google.android.exoplayer2.util.FileTypes.PS, com.google.android.exoplayer2.util.FileTypes.TS, com.google.android.exoplayer2.util.FileTypes.WAV, com.google.android.exoplayer2.util.FileTypes.WEBVTT, com.google.android.exoplayer2.util.FileTypes.JPEG, com.google.android.exoplayer2.util.FileTypes.MIDI, com.google.android.exoplayer2.util.FileTypes.AVI}" />
    </annotation>
  </item>
  <item name="com.google.android.exoplayer2.util.FileTypes int inferFileTypeFromResponseHeaders(java.util.Map&lt;java.lang.String,java.util.List&lt;java.lang.String&gt;&gt;)">
    <annotation name="androidx.annotation.IntDef">
      <val name="value" val="{com.google.android.exoplayer2.util.FileTypes.UNKNOWN, com.google.android.exoplayer2.util.FileTypes.AC3, com.google.android.exoplayer2.util.FileTypes.AC4, com.google.android.exoplayer2.util.FileTypes.ADTS, com.google.android.exoplayer2.util.FileTypes.AMR, com.google.android.exoplayer2.util.FileTypes.FLAC, com.google.android.exoplayer2.util.FileTypes.FLV, com.google.android.exoplayer2.util.FileTypes.MATROSKA, com.google.android.exoplayer2.util.FileTypes.MP3, com.google.android.exoplayer2.util.FileTypes.MP4, com.google.android.exoplayer2.util.FileTypes.OGG, com.google.android.exoplayer2.util.FileTypes.PS, com.google.android.exoplayer2.util.FileTypes.TS, com.google.android.exoplayer2.util.FileTypes.WAV, com.google.android.exoplayer2.util.FileTypes.WEBVTT, com.google.android.exoplayer2.util.FileTypes.JPEG, com.google.android.exoplayer2.util.FileTypes.MIDI, com.google.android.exoplayer2.util.FileTypes.AVI}" />
    </annotation>
  </item>
  <item name="com.google.android.exoplayer2.util.FileTypes int inferFileTypeFromUri(android.net.Uri)">
    <annotation name="androidx.annotation.IntDef">
      <val name="value" val="{com.google.android.exoplayer2.util.FileTypes.UNKNOWN, com.google.android.exoplayer2.util.FileTypes.AC3, com.google.android.exoplayer2.util.FileTypes.AC4, com.google.android.exoplayer2.util.FileTypes.ADTS, com.google.android.exoplayer2.util.FileTypes.AMR, com.google.android.exoplayer2.util.FileTypes.FLAC, com.google.android.exoplayer2.util.FileTypes.FLV, com.google.android.exoplayer2.util.FileTypes.MATROSKA, com.google.android.exoplayer2.util.FileTypes.MP3, com.google.android.exoplayer2.util.FileTypes.MP4, com.google.android.exoplayer2.util.FileTypes.OGG, com.google.android.exoplayer2.util.FileTypes.PS, com.google.android.exoplayer2.util.FileTypes.TS, com.google.android.exoplayer2.util.FileTypes.WAV, com.google.android.exoplayer2.util.FileTypes.WEBVTT, com.google.android.exoplayer2.util.FileTypes.JPEG, com.google.android.exoplayer2.util.FileTypes.MIDI, com.google.android.exoplayer2.util.FileTypes.AVI}" />
    </annotation>
  </item>
  <item name="com.google.android.exoplayer2.util.FileTypes.Type">
    <annotation name="androidx.annotation.IntDef">
      <val name="value" val="{com.google.android.exoplayer2.util.FileTypes.UNKNOWN, com.google.android.exoplayer2.util.FileTypes.AC3, com.google.android.exoplayer2.util.FileTypes.AC4, com.google.android.exoplayer2.util.FileTypes.ADTS, com.google.android.exoplayer2.util.FileTypes.AMR, com.google.android.exoplayer2.util.FileTypes.FLAC, com.google.android.exoplayer2.util.FileTypes.FLV, com.google.android.exoplayer2.util.FileTypes.MATROSKA, com.google.android.exoplayer2.util.FileTypes.MP3, com.google.android.exoplayer2.util.FileTypes.MP4, com.google.android.exoplayer2.util.FileTypes.OGG, com.google.android.exoplayer2.util.FileTypes.PS, com.google.android.exoplayer2.util.FileTypes.TS, com.google.android.exoplayer2.util.FileTypes.WAV, com.google.android.exoplayer2.util.FileTypes.WEBVTT, com.google.android.exoplayer2.util.FileTypes.JPEG, com.google.android.exoplayer2.util.FileTypes.MIDI, com.google.android.exoplayer2.util.FileTypes.AVI}" />
    </annotation>
  </item>
  <item name="com.google.android.exoplayer2.util.Log int getLogLevel()">
    <annotation name="androidx.annotation.IntDef">
      <val name="value" val="{com.google.android.exoplayer2.util.Log.LOG_LEVEL_ALL, com.google.android.exoplayer2.util.Log.LOG_LEVEL_INFO, com.google.android.exoplayer2.util.Log.LOG_LEVEL_WARNING, com.google.android.exoplayer2.util.Log.LOG_LEVEL_ERROR, com.google.android.exoplayer2.util.Log.LOG_LEVEL_OFF}" />
    </annotation>
  </item>
  <item name="com.google.android.exoplayer2.util.Log void setLogLevel(int) 0">
    <annotation name="androidx.annotation.IntDef">
      <val name="value" val="{com.google.android.exoplayer2.util.Log.LOG_LEVEL_ALL, com.google.android.exoplayer2.util.Log.LOG_LEVEL_INFO, com.google.android.exoplayer2.util.Log.LOG_LEVEL_WARNING, com.google.android.exoplayer2.util.Log.LOG_LEVEL_ERROR, com.google.android.exoplayer2.util.Log.LOG_LEVEL_OFF}" />
    </annotation>
  </item>
  <item name="com.google.android.exoplayer2.util.Log.LogLevel">
    <annotation name="androidx.annotation.IntDef">
      <val name="value" val="{com.google.android.exoplayer2.util.Log.LOG_LEVEL_ALL, com.google.android.exoplayer2.util.Log.LOG_LEVEL_INFO, com.google.android.exoplayer2.util.Log.LOG_LEVEL_WARNING, com.google.android.exoplayer2.util.Log.LOG_LEVEL_ERROR, com.google.android.exoplayer2.util.Log.LOG_LEVEL_OFF}" />
    </annotation>
  </item>
  <item name="com.google.android.exoplayer2.util.MediaFormatUtil void maybeSetPcmEncoding(android.media.MediaFormat, int) 1">
    <annotation name="androidx.annotation.IntDef">
      <val name="value" val="{com.google.android.exoplayer2.Format.NO_VALUE, com.google.android.exoplayer2.C.ENCODING_INVALID, com.google.android.exoplayer2.C.ENCODING_PCM_8BIT, com.google.android.exoplayer2.C.ENCODING_PCM_16BIT, com.google.android.exoplayer2.C.ENCODING_PCM_16BIT_BIG_ENDIAN, com.google.android.exoplayer2.C.ENCODING_PCM_24BIT, com.google.android.exoplayer2.C.ENCODING_PCM_32BIT, com.google.android.exoplayer2.C.ENCODING_PCM_FLOAT}" />
    </annotation>
  </item>
  <item name="com.google.android.exoplayer2.util.MimeTypes int getEncoding(java.lang.String, java.lang.String)">
    <annotation name="androidx.annotation.IntDef">
      <val name="value" val="{com.google.android.exoplayer2.Format.NO_VALUE, com.google.android.exoplayer2.C.ENCODING_INVALID, com.google.android.exoplayer2.C.ENCODING_PCM_8BIT, com.google.android.exoplayer2.C.ENCODING_PCM_16BIT, com.google.android.exoplayer2.C.ENCODING_PCM_16BIT_BIG_ENDIAN, com.google.android.exoplayer2.C.ENCODING_PCM_24BIT, com.google.android.exoplayer2.C.ENCODING_PCM_32BIT, com.google.android.exoplayer2.C.ENCODING_PCM_FLOAT, com.google.android.exoplayer2.C.ENCODING_MP3, com.google.android.exoplayer2.C.ENCODING_AAC_LC, com.google.android.exoplayer2.C.ENCODING_AAC_HE_V1, com.google.android.exoplayer2.C.ENCODING_AAC_HE_V2, com.google.android.exoplayer2.C.ENCODING_AAC_XHE, com.google.android.exoplayer2.C.ENCODING_AAC_ELD, com.google.android.exoplayer2.C.ENCODING_AAC_ER_BSAC, com.google.android.exoplayer2.C.ENCODING_AC3, com.google.android.exoplayer2.C.ENCODING_E_AC3, com.google.android.exoplayer2.C.ENCODING_E_AC3_JOC, com.google.android.exoplayer2.C.ENCODING_AC4, com.google.android.exoplayer2.C.ENCODING_DTS, com.google.android.exoplayer2.C.ENCODING_DTS_HD, com.google.android.exoplayer2.C.ENCODING_DOLBY_TRUEHD}" />
    </annotation>
  </item>
  <item name="com.google.android.exoplayer2.util.MimeTypes int getTrackType(java.lang.String)">
    <annotation name="androidx.annotation.IntDef">
      <val name="open" val="true" />
      <val name="value" val="{com.google.android.exoplayer2.C.TRACK_TYPE_UNKNOWN, com.google.android.exoplayer2.C.TRACK_TYPE_DEFAULT, com.google.android.exoplayer2.C.TRACK_TYPE_AUDIO, com.google.android.exoplayer2.C.TRACK_TYPE_VIDEO, com.google.android.exoplayer2.C.TRACK_TYPE_TEXT, com.google.android.exoplayer2.C.TRACK_TYPE_IMAGE, com.google.android.exoplayer2.C.TRACK_TYPE_METADATA, com.google.android.exoplayer2.C.TRACK_TYPE_CAMERA_MOTION, com.google.android.exoplayer2.C.TRACK_TYPE_NONE}" />
    </annotation>
  </item>
  <item name="com.google.android.exoplayer2.util.MimeTypes int getTrackTypeForCustomMimeType(java.lang.String)">
    <annotation name="androidx.annotation.IntDef">
      <val name="open" val="true" />
      <val name="value" val="{com.google.android.exoplayer2.C.TRACK_TYPE_UNKNOWN, com.google.android.exoplayer2.C.TRACK_TYPE_DEFAULT, com.google.android.exoplayer2.C.TRACK_TYPE_AUDIO, com.google.android.exoplayer2.C.TRACK_TYPE_VIDEO, com.google.android.exoplayer2.C.TRACK_TYPE_TEXT, com.google.android.exoplayer2.C.TRACK_TYPE_IMAGE, com.google.android.exoplayer2.C.TRACK_TYPE_METADATA, com.google.android.exoplayer2.C.TRACK_TYPE_CAMERA_MOTION, com.google.android.exoplayer2.C.TRACK_TYPE_NONE}" />
    </annotation>
  </item>
  <item name="com.google.android.exoplayer2.util.MimeTypes int getTrackTypeOfCodec(java.lang.String)">
    <annotation name="androidx.annotation.IntDef">
      <val name="open" val="true" />
      <val name="value" val="{com.google.android.exoplayer2.C.TRACK_TYPE_UNKNOWN, com.google.android.exoplayer2.C.TRACK_TYPE_DEFAULT, com.google.android.exoplayer2.C.TRACK_TYPE_AUDIO, com.google.android.exoplayer2.C.TRACK_TYPE_VIDEO, com.google.android.exoplayer2.C.TRACK_TYPE_TEXT, com.google.android.exoplayer2.C.TRACK_TYPE_IMAGE, com.google.android.exoplayer2.C.TRACK_TYPE_METADATA, com.google.android.exoplayer2.C.TRACK_TYPE_CAMERA_MOTION, com.google.android.exoplayer2.C.TRACK_TYPE_NONE}" />
    </annotation>
  </item>
  <item name="com.google.android.exoplayer2.util.MimeTypes void registerCustomMimeType(java.lang.String, java.lang.String, int) 2">
    <annotation name="androidx.annotation.IntDef">
      <val name="open" val="true" />
      <val name="value" val="{com.google.android.exoplayer2.C.TRACK_TYPE_UNKNOWN, com.google.android.exoplayer2.C.TRACK_TYPE_DEFAULT, com.google.android.exoplayer2.C.TRACK_TYPE_AUDIO, com.google.android.exoplayer2.C.TRACK_TYPE_VIDEO, com.google.android.exoplayer2.C.TRACK_TYPE_TEXT, com.google.android.exoplayer2.C.TRACK_TYPE_IMAGE, com.google.android.exoplayer2.C.TRACK_TYPE_METADATA, com.google.android.exoplayer2.C.TRACK_TYPE_CAMERA_MOTION, com.google.android.exoplayer2.C.TRACK_TYPE_NONE}" />
    </annotation>
  </item>
  <item name="com.google.android.exoplayer2.util.MimeTypes.CustomMimeType CustomMimeType(java.lang.String, java.lang.String, int) 2">
    <annotation name="androidx.annotation.IntDef">
      <val name="open" val="true" />
      <val name="value" val="{com.google.android.exoplayer2.C.TRACK_TYPE_UNKNOWN, com.google.android.exoplayer2.C.TRACK_TYPE_DEFAULT, com.google.android.exoplayer2.C.TRACK_TYPE_AUDIO, com.google.android.exoplayer2.C.TRACK_TYPE_VIDEO, com.google.android.exoplayer2.C.TRACK_TYPE_TEXT, com.google.android.exoplayer2.C.TRACK_TYPE_IMAGE, com.google.android.exoplayer2.C.TRACK_TYPE_METADATA, com.google.android.exoplayer2.C.TRACK_TYPE_CAMERA_MOTION, com.google.android.exoplayer2.C.TRACK_TYPE_NONE}" />
    </annotation>
  </item>
  <item name="com.google.android.exoplayer2.util.MimeTypes.CustomMimeType trackType">
    <annotation name="androidx.annotation.IntDef">
      <val name="open" val="true" />
      <val name="value" val="{com.google.android.exoplayer2.C.TRACK_TYPE_UNKNOWN, com.google.android.exoplayer2.C.TRACK_TYPE_DEFAULT, com.google.android.exoplayer2.C.TRACK_TYPE_AUDIO, com.google.android.exoplayer2.C.TRACK_TYPE_VIDEO, com.google.android.exoplayer2.C.TRACK_TYPE_TEXT, com.google.android.exoplayer2.C.TRACK_TYPE_IMAGE, com.google.android.exoplayer2.C.TRACK_TYPE_METADATA, com.google.android.exoplayer2.C.TRACK_TYPE_CAMERA_MOTION, com.google.android.exoplayer2.C.TRACK_TYPE_NONE}" />
    </annotation>
  </item>
  <item name="com.google.android.exoplayer2.util.MimeTypes.Mp4aObjectType int getEncoding()">
    <annotation name="androidx.annotation.IntDef">
      <val name="value" val="{com.google.android.exoplayer2.Format.NO_VALUE, com.google.android.exoplayer2.C.ENCODING_INVALID, com.google.android.exoplayer2.C.ENCODING_PCM_8BIT, com.google.android.exoplayer2.C.ENCODING_PCM_16BIT, com.google.android.exoplayer2.C.ENCODING_PCM_16BIT_BIG_ENDIAN, com.google.android.exoplayer2.C.ENCODING_PCM_24BIT, com.google.android.exoplayer2.C.ENCODING_PCM_32BIT, com.google.android.exoplayer2.C.ENCODING_PCM_FLOAT, com.google.android.exoplayer2.C.ENCODING_MP3, com.google.android.exoplayer2.C.ENCODING_AAC_LC, com.google.android.exoplayer2.C.ENCODING_AAC_HE_V1, com.google.android.exoplayer2.C.ENCODING_AAC_HE_V2, com.google.android.exoplayer2.C.ENCODING_AAC_XHE, com.google.android.exoplayer2.C.ENCODING_AAC_ELD, com.google.android.exoplayer2.C.ENCODING_AAC_ER_BSAC, com.google.android.exoplayer2.C.ENCODING_AC3, com.google.android.exoplayer2.C.ENCODING_E_AC3, com.google.android.exoplayer2.C.ENCODING_E_AC3_JOC, com.google.android.exoplayer2.C.ENCODING_AC4, com.google.android.exoplayer2.C.ENCODING_DTS, com.google.android.exoplayer2.C.ENCODING_DTS_HD, com.google.android.exoplayer2.C.ENCODING_DOLBY_TRUEHD}" />
    </annotation>
  </item>
  <item name="com.google.android.exoplayer2.util.NetworkTypeObserver int getMobileNetworkType(android.net.NetworkInfo)">
    <annotation name="androidx.annotation.IntDef">
      <val name="value" val="{com.google.android.exoplayer2.C.NETWORK_TYPE_UNKNOWN, com.google.android.exoplayer2.C.NETWORK_TYPE_OFFLINE, com.google.android.exoplayer2.C.NETWORK_TYPE_WIFI, com.google.android.exoplayer2.C.NETWORK_TYPE_2G, com.google.android.exoplayer2.C.NETWORK_TYPE_3G, com.google.android.exoplayer2.C.NETWORK_TYPE_4G, com.google.android.exoplayer2.C.NETWORK_TYPE_5G_SA, com.google.android.exoplayer2.C.NETWORK_TYPE_5G_NSA, com.google.android.exoplayer2.C.NETWORK_TYPE_CELLULAR_UNKNOWN, com.google.android.exoplayer2.C.NETWORK_TYPE_ETHERNET, com.google.android.exoplayer2.C.NETWORK_TYPE_OTHER}" />
    </annotation>
  </item>
  <item name="com.google.android.exoplayer2.util.NetworkTypeObserver int getNetworkType()">
    <annotation name="androidx.annotation.IntDef">
      <val name="value" val="{com.google.android.exoplayer2.C.NETWORK_TYPE_UNKNOWN, com.google.android.exoplayer2.C.NETWORK_TYPE_OFFLINE, com.google.android.exoplayer2.C.NETWORK_TYPE_WIFI, com.google.android.exoplayer2.C.NETWORK_TYPE_2G, com.google.android.exoplayer2.C.NETWORK_TYPE_3G, com.google.android.exoplayer2.C.NETWORK_TYPE_4G, com.google.android.exoplayer2.C.NETWORK_TYPE_5G_SA, com.google.android.exoplayer2.C.NETWORK_TYPE_5G_NSA, com.google.android.exoplayer2.C.NETWORK_TYPE_CELLULAR_UNKNOWN, com.google.android.exoplayer2.C.NETWORK_TYPE_ETHERNET, com.google.android.exoplayer2.C.NETWORK_TYPE_OTHER}" />
    </annotation>
  </item>
  <item name="com.google.android.exoplayer2.util.NetworkTypeObserver int getNetworkTypeFromConnectivityManager(android.content.Context)">
    <annotation name="androidx.annotation.IntDef">
      <val name="value" val="{com.google.android.exoplayer2.C.NETWORK_TYPE_UNKNOWN, com.google.android.exoplayer2.C.NETWORK_TYPE_OFFLINE, com.google.android.exoplayer2.C.NETWORK_TYPE_WIFI, com.google.android.exoplayer2.C.NETWORK_TYPE_2G, com.google.android.exoplayer2.C.NETWORK_TYPE_3G, com.google.android.exoplayer2.C.NETWORK_TYPE_4G, com.google.android.exoplayer2.C.NETWORK_TYPE_5G_SA, com.google.android.exoplayer2.C.NETWORK_TYPE_5G_NSA, com.google.android.exoplayer2.C.NETWORK_TYPE_CELLULAR_UNKNOWN, com.google.android.exoplayer2.C.NETWORK_TYPE_ETHERNET, com.google.android.exoplayer2.C.NETWORK_TYPE_OTHER}" />
    </annotation>
  </item>
  <item name="com.google.android.exoplayer2.util.NetworkTypeObserver networkType">
    <annotation name="androidx.annotation.IntDef">
      <val name="value" val="{com.google.android.exoplayer2.C.NETWORK_TYPE_UNKNOWN, com.google.android.exoplayer2.C.NETWORK_TYPE_OFFLINE, com.google.android.exoplayer2.C.NETWORK_TYPE_WIFI, com.google.android.exoplayer2.C.NETWORK_TYPE_2G, com.google.android.exoplayer2.C.NETWORK_TYPE_3G, com.google.android.exoplayer2.C.NETWORK_TYPE_4G, com.google.android.exoplayer2.C.NETWORK_TYPE_5G_SA, com.google.android.exoplayer2.C.NETWORK_TYPE_5G_NSA, com.google.android.exoplayer2.C.NETWORK_TYPE_CELLULAR_UNKNOWN, com.google.android.exoplayer2.C.NETWORK_TYPE_ETHERNET, com.google.android.exoplayer2.C.NETWORK_TYPE_OTHER}" />
    </annotation>
  </item>
  <item name="com.google.android.exoplayer2.util.NetworkTypeObserver void updateNetworkType(int) 0">
    <annotation name="androidx.annotation.IntDef">
      <val name="value" val="{com.google.android.exoplayer2.C.NETWORK_TYPE_UNKNOWN, com.google.android.exoplayer2.C.NETWORK_TYPE_OFFLINE, com.google.android.exoplayer2.C.NETWORK_TYPE_WIFI, com.google.android.exoplayer2.C.NETWORK_TYPE_2G, com.google.android.exoplayer2.C.NETWORK_TYPE_3G, com.google.android.exoplayer2.C.NETWORK_TYPE_4G, com.google.android.exoplayer2.C.NETWORK_TYPE_5G_SA, com.google.android.exoplayer2.C.NETWORK_TYPE_5G_NSA, com.google.android.exoplayer2.C.NETWORK_TYPE_CELLULAR_UNKNOWN, com.google.android.exoplayer2.C.NETWORK_TYPE_ETHERNET, com.google.android.exoplayer2.C.NETWORK_TYPE_OTHER}" />
    </annotation>
  </item>
  <item name="com.google.android.exoplayer2.util.NetworkTypeObserver.Listener void onNetworkTypeChanged(int) 0">
    <annotation name="androidx.annotation.IntDef">
      <val name="value" val="{com.google.android.exoplayer2.C.NETWORK_TYPE_UNKNOWN, com.google.android.exoplayer2.C.NETWORK_TYPE_OFFLINE, com.google.android.exoplayer2.C.NETWORK_TYPE_WIFI, com.google.android.exoplayer2.C.NETWORK_TYPE_2G, com.google.android.exoplayer2.C.NETWORK_TYPE_3G, com.google.android.exoplayer2.C.NETWORK_TYPE_4G, com.google.android.exoplayer2.C.NETWORK_TYPE_5G_SA, com.google.android.exoplayer2.C.NETWORK_TYPE_5G_NSA, com.google.android.exoplayer2.C.NETWORK_TYPE_CELLULAR_UNKNOWN, com.google.android.exoplayer2.C.NETWORK_TYPE_ETHERNET, com.google.android.exoplayer2.C.NETWORK_TYPE_OTHER}" />
    </annotation>
  </item>
  <item name="com.google.android.exoplayer2.util.NotificationUtil void createNotificationChannel(android.content.Context, java.lang.String, int, int, int) 4">
    <annotation name="androidx.annotation.IntDef">
      <val name="value" val="{com.google.android.exoplayer2.util.NotificationUtil.IMPORTANCE_UNSPECIFIED, com.google.android.exoplayer2.util.NotificationUtil.IMPORTANCE_NONE, com.google.android.exoplayer2.util.NotificationUtil.IMPORTANCE_MIN, com.google.android.exoplayer2.util.NotificationUtil.IMPORTANCE_LOW, com.google.android.exoplayer2.util.NotificationUtil.IMPORTANCE_DEFAULT, com.google.android.exoplayer2.util.NotificationUtil.IMPORTANCE_HIGH}" />
    </annotation>
  </item>
  <item name="com.google.android.exoplayer2.util.NotificationUtil.Importance">
    <annotation name="androidx.annotation.IntDef">
      <val name="value" val="{com.google.android.exoplayer2.util.NotificationUtil.IMPORTANCE_UNSPECIFIED, com.google.android.exoplayer2.util.NotificationUtil.IMPORTANCE_NONE, com.google.android.exoplayer2.util.NotificationUtil.IMPORTANCE_MIN, com.google.android.exoplayer2.util.NotificationUtil.IMPORTANCE_LOW, com.google.android.exoplayer2.util.NotificationUtil.IMPORTANCE_DEFAULT, com.google.android.exoplayer2.util.NotificationUtil.IMPORTANCE_HIGH}" />
    </annotation>
  </item>
  <item name="com.google.android.exoplayer2.util.RepeatModeUtil boolean isRepeatModeEnabled(int, int) 0">
    <annotation name="androidx.annotation.IntDef">
      <val name="value" val="{com.google.android.exoplayer2.Player.REPEAT_MODE_OFF, com.google.android.exoplayer2.Player.REPEAT_MODE_ONE, com.google.android.exoplayer2.Player.REPEAT_MODE_ALL}" />
    </annotation>
  </item>
  <item name="com.google.android.exoplayer2.util.RepeatModeUtil int getNextRepeatMode(int, int)">
    <annotation name="androidx.annotation.IntDef">
      <val name="value" val="{com.google.android.exoplayer2.Player.REPEAT_MODE_OFF, com.google.android.exoplayer2.Player.REPEAT_MODE_ONE, com.google.android.exoplayer2.Player.REPEAT_MODE_ALL}" />
    </annotation>
  </item>
  <item name="com.google.android.exoplayer2.util.RepeatModeUtil int getNextRepeatMode(int, int) 0">
    <annotation name="androidx.annotation.IntDef">
      <val name="value" val="{com.google.android.exoplayer2.Player.REPEAT_MODE_OFF, com.google.android.exoplayer2.Player.REPEAT_MODE_ONE, com.google.android.exoplayer2.Player.REPEAT_MODE_ALL}" />
    </annotation>
  </item>
  <item name="com.google.android.exoplayer2.util.RepeatModeUtil.RepeatToggleModes">
    <annotation name="androidx.annotation.IntDef">
      <val name="flag" val="true" />
      <val name="value" val="{com.google.android.exoplayer2.util.RepeatModeUtil.REPEAT_TOGGLE_MODE_NONE, com.google.android.exoplayer2.util.RepeatModeUtil.REPEAT_TOGGLE_MODE_ONE, com.google.android.exoplayer2.util.RepeatModeUtil.REPEAT_TOGGLE_MODE_ALL}" />
    </annotation>
  </item>
  <item name="com.google.android.exoplayer2.util.Util boolean isEncodingHighResolutionPcm(int) 0">
    <annotation name="androidx.annotation.IntDef">
      <val name="value" val="{com.google.android.exoplayer2.Format.NO_VALUE, com.google.android.exoplayer2.C.ENCODING_INVALID, com.google.android.exoplayer2.C.ENCODING_PCM_8BIT, com.google.android.exoplayer2.C.ENCODING_PCM_16BIT, com.google.android.exoplayer2.C.ENCODING_PCM_16BIT_BIG_ENDIAN, com.google.android.exoplayer2.C.ENCODING_PCM_24BIT, com.google.android.exoplayer2.C.ENCODING_PCM_32BIT, com.google.android.exoplayer2.C.ENCODING_PCM_FLOAT}" />
    </annotation>
  </item>
  <item name="com.google.android.exoplayer2.util.Util boolean isEncodingLinearPcm(int) 0">
    <annotation name="androidx.annotation.IntDef">
      <val name="value" val="{com.google.android.exoplayer2.Format.NO_VALUE, com.google.android.exoplayer2.C.ENCODING_INVALID, com.google.android.exoplayer2.C.ENCODING_PCM_8BIT, com.google.android.exoplayer2.C.ENCODING_PCM_16BIT, com.google.android.exoplayer2.C.ENCODING_PCM_16BIT_BIG_ENDIAN, com.google.android.exoplayer2.C.ENCODING_PCM_24BIT, com.google.android.exoplayer2.C.ENCODING_PCM_32BIT, com.google.android.exoplayer2.C.ENCODING_PCM_FLOAT, com.google.android.exoplayer2.C.ENCODING_MP3, com.google.android.exoplayer2.C.ENCODING_AAC_LC, com.google.android.exoplayer2.C.ENCODING_AAC_HE_V1, com.google.android.exoplayer2.C.ENCODING_AAC_HE_V2, com.google.android.exoplayer2.C.ENCODING_AAC_XHE, com.google.android.exoplayer2.C.ENCODING_AAC_ELD, com.google.android.exoplayer2.C.ENCODING_AAC_ER_BSAC, com.google.android.exoplayer2.C.ENCODING_AC3, com.google.android.exoplayer2.C.ENCODING_E_AC3, com.google.android.exoplayer2.C.ENCODING_E_AC3_JOC, com.google.android.exoplayer2.C.ENCODING_AC4, com.google.android.exoplayer2.C.ENCODING_DTS, com.google.android.exoplayer2.C.ENCODING_DTS_HD, com.google.android.exoplayer2.C.ENCODING_DOLBY_TRUEHD}" />
    </annotation>
  </item>
  <item name="com.google.android.exoplayer2.util.Util com.google.android.exoplayer2.Format getPcmFormat(int, int, int) 0">
    <annotation name="androidx.annotation.IntDef">
      <val name="value" val="{com.google.android.exoplayer2.Format.NO_VALUE, com.google.android.exoplayer2.C.ENCODING_INVALID, com.google.android.exoplayer2.C.ENCODING_PCM_8BIT, com.google.android.exoplayer2.C.ENCODING_PCM_16BIT, com.google.android.exoplayer2.C.ENCODING_PCM_16BIT_BIG_ENDIAN, com.google.android.exoplayer2.C.ENCODING_PCM_24BIT, com.google.android.exoplayer2.C.ENCODING_PCM_32BIT, com.google.android.exoplayer2.C.ENCODING_PCM_FLOAT}" />
    </annotation>
  </item>
  <item name="com.google.android.exoplayer2.util.Util int getAudioContentTypeForStreamType(int)">
    <annotation name="androidx.annotation.IntDef">
      <val name="value" val="{com.google.android.exoplayer2.C.AUDIO_CONTENT_TYPE_MOVIE, com.google.android.exoplayer2.C.AUDIO_CONTENT_TYPE_MUSIC, com.google.android.exoplayer2.C.AUDIO_CONTENT_TYPE_SONIFICATION, com.google.android.exoplayer2.C.AUDIO_CONTENT_TYPE_SPEECH, com.google.android.exoplayer2.C.AUDIO_CONTENT_TYPE_UNKNOWN}" />
    </annotation>
  </item>
  <item name="com.google.android.exoplayer2.util.Util int getAudioContentTypeForStreamType(int) 0">
    <annotation name="androidx.annotation.IntDef">
      <val name="value" val="{com.google.android.exoplayer2.C.STREAM_TYPE_ALARM, com.google.android.exoplayer2.C.STREAM_TYPE_DTMF, com.google.android.exoplayer2.C.STREAM_TYPE_MUSIC, com.google.android.exoplayer2.C.STREAM_TYPE_NOTIFICATION, com.google.android.exoplayer2.C.STREAM_TYPE_RING, com.google.android.exoplayer2.C.STREAM_TYPE_SYSTEM, com.google.android.exoplayer2.C.STREAM_TYPE_VOICE_CALL, com.google.android.exoplayer2.C.STREAM_TYPE_DEFAULT}" />
    </annotation>
  </item>
  <item name="com.google.android.exoplayer2.util.Util int getAudioUsageForStreamType(int)">
    <annotation name="androidx.annotation.IntDef">
      <val name="value" val="{com.google.android.exoplayer2.C.USAGE_ALARM, com.google.android.exoplayer2.C.USAGE_ASSISTANCE_ACCESSIBILITY, com.google.android.exoplayer2.C.USAGE_ASSISTANCE_NAVIGATION_GUIDANCE, com.google.android.exoplayer2.C.USAGE_ASSISTANCE_SONIFICATION, com.google.android.exoplayer2.C.USAGE_ASSISTANT, com.google.android.exoplayer2.C.USAGE_GAME, com.google.android.exoplayer2.C.USAGE_MEDIA, com.google.android.exoplayer2.C.USAGE_NOTIFICATION, com.google.android.exoplayer2.C.USAGE_NOTIFICATION_COMMUNICATION_DELAYED, com.google.android.exoplayer2.C.USAGE_NOTIFICATION_COMMUNICATION_INSTANT, com.google.android.exoplayer2.C.USAGE_NOTIFICATION_COMMUNICATION_REQUEST, com.google.android.exoplayer2.C.USAGE_NOTIFICATION_EVENT, com.google.android.exoplayer2.C.USAGE_NOTIFICATION_RINGTONE, com.google.android.exoplayer2.C.USAGE_UNKNOWN, com.google.android.exoplayer2.C.USAGE_VOICE_COMMUNICATION, com.google.android.exoplayer2.C.USAGE_VOICE_COMMUNICATION_SIGNALLING}" />
    </annotation>
  </item>
  <item name="com.google.android.exoplayer2.util.Util int getAudioUsageForStreamType(int) 0">
    <annotation name="androidx.annotation.IntDef">
      <val name="value" val="{com.google.android.exoplayer2.C.STREAM_TYPE_ALARM, com.google.android.exoplayer2.C.STREAM_TYPE_DTMF, com.google.android.exoplayer2.C.STREAM_TYPE_MUSIC, com.google.android.exoplayer2.C.STREAM_TYPE_NOTIFICATION, com.google.android.exoplayer2.C.STREAM_TYPE_RING, com.google.android.exoplayer2.C.STREAM_TYPE_SYSTEM, com.google.android.exoplayer2.C.STREAM_TYPE_VOICE_CALL, com.google.android.exoplayer2.C.STREAM_TYPE_DEFAULT}" />
    </annotation>
  </item>
  <item name="com.google.android.exoplayer2.util.Util int getCodecCountOfType(java.lang.String, int) 1">
    <annotation name="androidx.annotation.IntDef">
      <val name="open" val="true" />
      <val name="value" val="{com.google.android.exoplayer2.C.TRACK_TYPE_UNKNOWN, com.google.android.exoplayer2.C.TRACK_TYPE_DEFAULT, com.google.android.exoplayer2.C.TRACK_TYPE_AUDIO, com.google.android.exoplayer2.C.TRACK_TYPE_VIDEO, com.google.android.exoplayer2.C.TRACK_TYPE_TEXT, com.google.android.exoplayer2.C.TRACK_TYPE_IMAGE, com.google.android.exoplayer2.C.TRACK_TYPE_METADATA, com.google.android.exoplayer2.C.TRACK_TYPE_CAMERA_MOTION, com.google.android.exoplayer2.C.TRACK_TYPE_NONE}" />
    </annotation>
  </item>
  <item name="com.google.android.exoplayer2.util.Util int getErrorCodeForMediaDrmErrorCode(int)">
    <annotation name="androidx.annotation.IntDef">
      <val name="open" val="true" />
      <val name="value" val="{com.google.android.exoplayer2.PlaybackException.ERROR_CODE_UNSPECIFIED, com.google.android.exoplayer2.PlaybackException.ERROR_CODE_REMOTE_ERROR, com.google.android.exoplayer2.PlaybackException.ERROR_CODE_BEHIND_LIVE_WINDOW, com.google.android.exoplayer2.PlaybackException.ERROR_CODE_TIMEOUT, com.google.android.exoplayer2.PlaybackException.ERROR_CODE_FAILED_RUNTIME_CHECK, com.google.android.exoplayer2.PlaybackException.ERROR_CODE_IO_UNSPECIFIED, com.google.android.exoplayer2.PlaybackException.ERROR_CODE_IO_NETWORK_CONNECTION_FAILED, com.google.android.exoplayer2.PlaybackException.ERROR_CODE_IO_NETWORK_CONNECTION_TIMEOUT, com.google.android.exoplayer2.PlaybackException.ERROR_CODE_IO_INVALID_HTTP_CONTENT_TYPE, com.google.android.exoplayer2.PlaybackException.ERROR_CODE_IO_BAD_HTTP_STATUS, com.google.android.exoplayer2.PlaybackException.ERROR_CODE_IO_FILE_NOT_FOUND, com.google.android.exoplayer2.PlaybackException.ERROR_CODE_IO_NO_PERMISSION, com.google.android.exoplayer2.PlaybackException.ERROR_CODE_IO_CLEARTEXT_NOT_PERMITTED, com.google.android.exoplayer2.PlaybackException.ERROR_CODE_IO_READ_POSITION_OUT_OF_RANGE, com.google.android.exoplayer2.PlaybackException.ERROR_CODE_PARSING_CONTAINER_MALFORMED, com.google.android.exoplayer2.PlaybackException.ERROR_CODE_PARSING_MANIFEST_MALFORMED, com.google.android.exoplayer2.PlaybackException.ERROR_CODE_PARSING_CONTAINER_UNSUPPORTED, com.google.android.exoplayer2.PlaybackException.ERROR_CODE_PARSING_MANIFEST_UNSUPPORTED, com.google.android.exoplayer2.PlaybackException.ERROR_CODE_DECODER_INIT_FAILED, com.google.android.exoplayer2.PlaybackException.ERROR_CODE_DECODER_QUERY_FAILED, com.google.android.exoplayer2.PlaybackException.ERROR_CODE_DECODING_FAILED, com.google.android.exoplayer2.PlaybackException.ERROR_CODE_DECODING_FORMAT_EXCEEDS_CAPABILITIES, com.google.android.exoplayer2.PlaybackException.ERROR_CODE_DECODING_FORMAT_UNSUPPORTED, com.google.android.exoplayer2.PlaybackException.ERROR_CODE_AUDIO_TRACK_INIT_FAILED, com.google.android.exoplayer2.PlaybackException.ERROR_CODE_AUDIO_TRACK_WRITE_FAILED, com.google.android.exoplayer2.PlaybackException.ERROR_CODE_DRM_UNSPECIFIED, com.google.android.exoplayer2.PlaybackException.ERROR_CODE_DRM_SCHEME_UNSUPPORTED, com.google.android.exoplayer2.PlaybackException.ERROR_CODE_DRM_PROVISIONING_FAILED, com.google.android.exoplayer2.PlaybackException.ERROR_CODE_DRM_CONTENT_ERROR, com.google.android.exoplayer2.PlaybackException.ERROR_CODE_DRM_LICENSE_ACQUISITION_FAILED, com.google.android.exoplayer2.PlaybackException.ERROR_CODE_DRM_DISALLOWED_OPERATION, com.google.android.exoplayer2.PlaybackException.ERROR_CODE_DRM_SYSTEM_ERROR, com.google.android.exoplayer2.PlaybackException.ERROR_CODE_DRM_DEVICE_REVOKED, com.google.android.exoplayer2.PlaybackException.ERROR_CODE_DRM_LICENSE_EXPIRED}" />
    </annotation>
  </item>
  <item name="com.google.android.exoplayer2.util.Util int getPcmEncoding(int)">
    <annotation name="androidx.annotation.IntDef">
      <val name="value" val="{com.google.android.exoplayer2.Format.NO_VALUE, com.google.android.exoplayer2.C.ENCODING_INVALID, com.google.android.exoplayer2.C.ENCODING_PCM_8BIT, com.google.android.exoplayer2.C.ENCODING_PCM_16BIT, com.google.android.exoplayer2.C.ENCODING_PCM_16BIT_BIG_ENDIAN, com.google.android.exoplayer2.C.ENCODING_PCM_24BIT, com.google.android.exoplayer2.C.ENCODING_PCM_32BIT, com.google.android.exoplayer2.C.ENCODING_PCM_FLOAT}" />
    </annotation>
  </item>
  <item name="com.google.android.exoplayer2.util.Util int getPcmFrameSize(int, int) 0">
    <annotation name="androidx.annotation.IntDef">
      <val name="value" val="{com.google.android.exoplayer2.Format.NO_VALUE, com.google.android.exoplayer2.C.ENCODING_INVALID, com.google.android.exoplayer2.C.ENCODING_PCM_8BIT, com.google.android.exoplayer2.C.ENCODING_PCM_16BIT, com.google.android.exoplayer2.C.ENCODING_PCM_16BIT_BIG_ENDIAN, com.google.android.exoplayer2.C.ENCODING_PCM_24BIT, com.google.android.exoplayer2.C.ENCODING_PCM_32BIT, com.google.android.exoplayer2.C.ENCODING_PCM_FLOAT}" />
    </annotation>
  </item>
  <item name="com.google.android.exoplayer2.util.Util int getStreamTypeForAudioUsage(int)">
    <annotation name="androidx.annotation.IntDef">
      <val name="value" val="{com.google.android.exoplayer2.C.STREAM_TYPE_ALARM, com.google.android.exoplayer2.C.STREAM_TYPE_DTMF, com.google.android.exoplayer2.C.STREAM_TYPE_MUSIC, com.google.android.exoplayer2.C.STREAM_TYPE_NOTIFICATION, com.google.android.exoplayer2.C.STREAM_TYPE_RING, com.google.android.exoplayer2.C.STREAM_TYPE_SYSTEM, com.google.android.exoplayer2.C.STREAM_TYPE_VOICE_CALL, com.google.android.exoplayer2.C.STREAM_TYPE_DEFAULT}" />
    </annotation>
  </item>
  <item name="com.google.android.exoplayer2.util.Util int getStreamTypeForAudioUsage(int) 0">
    <annotation name="androidx.annotation.IntDef">
      <val name="value" val="{com.google.android.exoplayer2.C.USAGE_ALARM, com.google.android.exoplayer2.C.USAGE_ASSISTANCE_ACCESSIBILITY, com.google.android.exoplayer2.C.USAGE_ASSISTANCE_NAVIGATION_GUIDANCE, com.google.android.exoplayer2.C.USAGE_ASSISTANCE_SONIFICATION, com.google.android.exoplayer2.C.USAGE_ASSISTANT, com.google.android.exoplayer2.C.USAGE_GAME, com.google.android.exoplayer2.C.USAGE_MEDIA, com.google.android.exoplayer2.C.USAGE_NOTIFICATION, com.google.android.exoplayer2.C.USAGE_NOTIFICATION_COMMUNICATION_DELAYED, com.google.android.exoplayer2.C.USAGE_NOTIFICATION_COMMUNICATION_INSTANT, com.google.android.exoplayer2.C.USAGE_NOTIFICATION_COMMUNICATION_REQUEST, com.google.android.exoplayer2.C.USAGE_NOTIFICATION_EVENT, com.google.android.exoplayer2.C.USAGE_NOTIFICATION_RINGTONE, com.google.android.exoplayer2.C.USAGE_UNKNOWN, com.google.android.exoplayer2.C.USAGE_VOICE_COMMUNICATION, com.google.android.exoplayer2.C.USAGE_VOICE_COMMUNICATION_SIGNALLING}" />
    </annotation>
  </item>
  <item name="com.google.android.exoplayer2.util.Util int inferContentType(android.net.Uri)">
    <annotation name="androidx.annotation.IntDef">
      <val name="value" val="{com.google.android.exoplayer2.C.CONTENT_TYPE_DASH, com.google.android.exoplayer2.C.CONTENT_TYPE_SS, com.google.android.exoplayer2.C.CONTENT_TYPE_HLS, com.google.android.exoplayer2.C.CONTENT_TYPE_RTSP, com.google.android.exoplayer2.C.CONTENT_TYPE_OTHER}" />
    </annotation>
  </item>
  <item name="com.google.android.exoplayer2.util.Util int inferContentType(android.net.Uri, java.lang.String)">
    <annotation name="androidx.annotation.IntDef">
      <val name="value" val="{com.google.android.exoplayer2.C.CONTENT_TYPE_DASH, com.google.android.exoplayer2.C.CONTENT_TYPE_SS, com.google.android.exoplayer2.C.CONTENT_TYPE_HLS, com.google.android.exoplayer2.C.CONTENT_TYPE_RTSP, com.google.android.exoplayer2.C.CONTENT_TYPE_OTHER}" />
    </annotation>
  </item>
  <item name="com.google.android.exoplayer2.util.Util int inferContentType(java.lang.String)">
    <annotation name="androidx.annotation.IntDef">
      <val name="value" val="{com.google.android.exoplayer2.C.CONTENT_TYPE_DASH, com.google.android.exoplayer2.C.CONTENT_TYPE_SS, com.google.android.exoplayer2.C.CONTENT_TYPE_HLS, com.google.android.exoplayer2.C.CONTENT_TYPE_RTSP, com.google.android.exoplayer2.C.CONTENT_TYPE_OTHER}" />
    </annotation>
  </item>
  <item name="com.google.android.exoplayer2.util.Util int inferContentTypeForExtension(java.lang.String)">
    <annotation name="androidx.annotation.IntDef">
      <val name="value" val="{com.google.android.exoplayer2.C.CONTENT_TYPE_DASH, com.google.android.exoplayer2.C.CONTENT_TYPE_SS, com.google.android.exoplayer2.C.CONTENT_TYPE_HLS, com.google.android.exoplayer2.C.CONTENT_TYPE_RTSP, com.google.android.exoplayer2.C.CONTENT_TYPE_OTHER}" />
    </annotation>
  </item>
  <item name="com.google.android.exoplayer2.util.Util int inferContentTypeForUriAndMimeType(android.net.Uri, java.lang.String)">
    <annotation name="androidx.annotation.IntDef">
      <val name="value" val="{com.google.android.exoplayer2.C.CONTENT_TYPE_DASH, com.google.android.exoplayer2.C.CONTENT_TYPE_SS, com.google.android.exoplayer2.C.CONTENT_TYPE_HLS, com.google.android.exoplayer2.C.CONTENT_TYPE_RTSP, com.google.android.exoplayer2.C.CONTENT_TYPE_OTHER}" />
    </annotation>
  </item>
  <item name="com.google.android.exoplayer2.util.Util java.lang.String getAdaptiveMimeTypeForContentType(int) 0">
    <annotation name="androidx.annotation.IntDef">
      <val name="value" val="{com.google.android.exoplayer2.C.CONTENT_TYPE_DASH, com.google.android.exoplayer2.C.CONTENT_TYPE_SS, com.google.android.exoplayer2.C.CONTENT_TYPE_HLS, com.google.android.exoplayer2.C.CONTENT_TYPE_RTSP, com.google.android.exoplayer2.C.CONTENT_TYPE_OTHER}" />
    </annotation>
  </item>
  <item name="com.google.android.exoplayer2.util.Util java.lang.String getCodecsOfType(java.lang.String, int) 1">
    <annotation name="androidx.annotation.IntDef">
      <val name="open" val="true" />
      <val name="value" val="{com.google.android.exoplayer2.C.TRACK_TYPE_UNKNOWN, com.google.android.exoplayer2.C.TRACK_TYPE_DEFAULT, com.google.android.exoplayer2.C.TRACK_TYPE_AUDIO, com.google.android.exoplayer2.C.TRACK_TYPE_VIDEO, com.google.android.exoplayer2.C.TRACK_TYPE_TEXT, com.google.android.exoplayer2.C.TRACK_TYPE_IMAGE, com.google.android.exoplayer2.C.TRACK_TYPE_METADATA, com.google.android.exoplayer2.C.TRACK_TYPE_CAMERA_MOTION, com.google.android.exoplayer2.C.TRACK_TYPE_NONE}" />
    </annotation>
  </item>
  <item name="com.google.android.exoplayer2.util.Util java.lang.String getFormatSupportString(int) 0">
    <annotation name="androidx.annotation.IntDef">
      <val name="value" val="{com.google.android.exoplayer2.C.FORMAT_HANDLED, com.google.android.exoplayer2.C.FORMAT_EXCEEDS_CAPABILITIES, com.google.android.exoplayer2.C.FORMAT_UNSUPPORTED_DRM, com.google.android.exoplayer2.C.FORMAT_UNSUPPORTED_SUBTYPE, com.google.android.exoplayer2.C.FORMAT_UNSUPPORTED_TYPE}" />
    </annotation>
  </item>
  <item name="com.google.android.exoplayer2.util.Util java.lang.String getTrackTypeString(int) 0">
    <annotation name="androidx.annotation.IntDef">
      <val name="open" val="true" />
      <val name="value" val="{com.google.android.exoplayer2.C.TRACK_TYPE_UNKNOWN, com.google.android.exoplayer2.C.TRACK_TYPE_DEFAULT, com.google.android.exoplayer2.C.TRACK_TYPE_AUDIO, com.google.android.exoplayer2.C.TRACK_TYPE_VIDEO, com.google.android.exoplayer2.C.TRACK_TYPE_TEXT, com.google.android.exoplayer2.C.TRACK_TYPE_IMAGE, com.google.android.exoplayer2.C.TRACK_TYPE_METADATA, com.google.android.exoplayer2.C.TRACK_TYPE_CAMERA_MOTION, com.google.android.exoplayer2.C.TRACK_TYPE_NONE}" />
    </annotation>
  </item>
</root>

