<?xml version="1.0" encoding="UTF-8"?>
<root>
  <item name="com.google.android.exoplayer2.trackselection.AdaptiveTrackSelection AdaptiveTrackSelection(com.google.android.exoplayer2.source.TrackGroup, int[], int, com.google.android.exoplayer2.upstream.BandwidthMeter, long, long, long, int, int, float, float, java.util.List&lt;com.google.android.exoplayer2.trackselection.AdaptiveTrackSelection.AdaptationCheckpoint&gt;, com.google.android.exoplayer2.util.Clock) 2">
    <annotation name="androidx.annotation.IntDef">
      <val name="open" val="true" />
      <val name="value" val="{com.google.android.exoplayer2.trackselection.TrackSelection.TYPE_UNSET}" />
    </annotation>
  </item>
  <item name="com.google.android.exoplayer2.trackselection.BaseTrackSelection BaseTrackSelection(com.google.android.exoplayer2.source.TrackGroup, int[], int) 2">
    <annotation name="androidx.annotation.IntDef">
      <val name="open" val="true" />
      <val name="value" val="{com.google.android.exoplayer2.trackselection.TrackSelection.TYPE_UNSET}" />
    </annotation>
  </item>
  <item name="com.google.android.exoplayer2.trackselection.BaseTrackSelection type">
    <annotation name="androidx.annotation.IntDef">
      <val name="open" val="true" />
      <val name="value" val="{com.google.android.exoplayer2.trackselection.TrackSelection.TYPE_UNSET}" />
    </annotation>
  </item>
  <item name="com.google.android.exoplayer2.trackselection.DefaultTrackSelector android.util.Pair&lt;com.google.android.exoplayer2.RendererConfiguration[],com.google.android.exoplayer2.trackselection.ExoTrackSelection[]&gt; selectTracks(com.google.android.exoplayer2.trackselection.MappingTrackSelector.MappedTrackInfo, int[][][], int[], com.google.android.exoplayer2.source.MediaSource.MediaPeriodId, com.google.android.exoplayer2.Timeline) 1">
  </item>
  <item name="com.google.android.exoplayer2.trackselection.DefaultTrackSelector android.util.Pair&lt;com.google.android.exoplayer2.RendererConfiguration[],com.google.android.exoplayer2.trackselection.ExoTrackSelection[]&gt; selectTracks(com.google.android.exoplayer2.trackselection.MappingTrackSelector.MappedTrackInfo, int[][][], int[], com.google.android.exoplayer2.source.MediaSource.MediaPeriodId, com.google.android.exoplayer2.Timeline) 2">
    <annotation name="androidx.annotation.IntDef">
      <val name="value" val="{com.google.android.exoplayer2.RendererCapabilities.ADAPTIVE_SEAMLESS, com.google.android.exoplayer2.RendererCapabilities.ADAPTIVE_NOT_SEAMLESS, com.google.android.exoplayer2.RendererCapabilities.ADAPTIVE_NOT_SUPPORTED}" />
    </annotation>
  </item>
  <item name="com.google.android.exoplayer2.trackselection.DefaultTrackSelector android.util.Pair&lt;com.google.android.exoplayer2.trackselection.ExoTrackSelection.Definition,java.lang.Integer&gt; selectAudioTrack(com.google.android.exoplayer2.trackselection.MappingTrackSelector.MappedTrackInfo, int[][][], int[], com.google.android.exoplayer2.trackselection.DefaultTrackSelector.Parameters) 1">
  </item>
  <item name="com.google.android.exoplayer2.trackselection.DefaultTrackSelector android.util.Pair&lt;com.google.android.exoplayer2.trackselection.ExoTrackSelection.Definition,java.lang.Integer&gt; selectAudioTrack(com.google.android.exoplayer2.trackselection.MappingTrackSelector.MappedTrackInfo, int[][][], int[], com.google.android.exoplayer2.trackselection.DefaultTrackSelector.Parameters) 2">
    <annotation name="androidx.annotation.IntDef">
      <val name="value" val="{com.google.android.exoplayer2.RendererCapabilities.ADAPTIVE_SEAMLESS, com.google.android.exoplayer2.RendererCapabilities.ADAPTIVE_NOT_SEAMLESS, com.google.android.exoplayer2.RendererCapabilities.ADAPTIVE_NOT_SUPPORTED}" />
    </annotation>
  </item>
  <item name="com.google.android.exoplayer2.trackselection.DefaultTrackSelector android.util.Pair&lt;com.google.android.exoplayer2.trackselection.ExoTrackSelection.Definition,java.lang.Integer&gt; selectTextTrack(com.google.android.exoplayer2.trackselection.MappingTrackSelector.MappedTrackInfo, int[][][], com.google.android.exoplayer2.trackselection.DefaultTrackSelector.Parameters, java.lang.String) 1">
  </item>
  <item name="com.google.android.exoplayer2.trackselection.DefaultTrackSelector android.util.Pair&lt;com.google.android.exoplayer2.trackselection.ExoTrackSelection.Definition,java.lang.Integer&gt; selectTracksForType(int, com.google.android.exoplayer2.trackselection.MappingTrackSelector.MappedTrackInfo, int[][][], com.google.android.exoplayer2.trackselection.DefaultTrackSelector.TrackInfo.Factory&lt;T&gt;, java.util.Comparator&lt;java.util.List&lt;T&gt;&gt;) 2">
  </item>
  <item name="com.google.android.exoplayer2.trackselection.DefaultTrackSelector android.util.Pair&lt;com.google.android.exoplayer2.trackselection.ExoTrackSelection.Definition,java.lang.Integer&gt; selectVideoTrack(com.google.android.exoplayer2.trackselection.MappingTrackSelector.MappedTrackInfo, int[][][], int[], com.google.android.exoplayer2.trackselection.DefaultTrackSelector.Parameters) 1">
  </item>
  <item name="com.google.android.exoplayer2.trackselection.DefaultTrackSelector android.util.Pair&lt;com.google.android.exoplayer2.trackselection.ExoTrackSelection.Definition,java.lang.Integer&gt; selectVideoTrack(com.google.android.exoplayer2.trackselection.MappingTrackSelector.MappedTrackInfo, int[][][], int[], com.google.android.exoplayer2.trackselection.DefaultTrackSelector.Parameters) 2">
    <annotation name="androidx.annotation.IntDef">
      <val name="value" val="{com.google.android.exoplayer2.RendererCapabilities.ADAPTIVE_SEAMLESS, com.google.android.exoplayer2.RendererCapabilities.ADAPTIVE_NOT_SEAMLESS, com.google.android.exoplayer2.RendererCapabilities.ADAPTIVE_NOT_SUPPORTED}" />
    </annotation>
  </item>
  <item name="com.google.android.exoplayer2.trackselection.DefaultTrackSelector boolean isSupported(int, boolean) 0">
  </item>
  <item name="com.google.android.exoplayer2.trackselection.DefaultTrackSelector boolean rendererSupportsTunneling(int[][], com.google.android.exoplayer2.source.TrackGroupArray, com.google.android.exoplayer2.trackselection.ExoTrackSelection) 0">
  </item>
  <item name="com.google.android.exoplayer2.trackselection.DefaultTrackSelector com.google.android.exoplayer2.trackselection.ExoTrackSelection.Definition selectOtherTrack(int, com.google.android.exoplayer2.source.TrackGroupArray, int[][], com.google.android.exoplayer2.trackselection.DefaultTrackSelector.Parameters) 2">
  </item>
  <item name="com.google.android.exoplayer2.trackselection.DefaultTrackSelector com.google.android.exoplayer2.trackselection.ExoTrackSelection.Definition[] selectAllTracks(com.google.android.exoplayer2.trackselection.MappingTrackSelector.MappedTrackInfo, int[][][], int[], com.google.android.exoplayer2.trackselection.DefaultTrackSelector.Parameters) 1">
  </item>
  <item name="com.google.android.exoplayer2.trackselection.DefaultTrackSelector com.google.android.exoplayer2.trackselection.ExoTrackSelection.Definition[] selectAllTracks(com.google.android.exoplayer2.trackselection.MappingTrackSelector.MappedTrackInfo, int[][][], int[], com.google.android.exoplayer2.trackselection.DefaultTrackSelector.Parameters) 2">
    <annotation name="androidx.annotation.IntDef">
      <val name="value" val="{com.google.android.exoplayer2.RendererCapabilities.ADAPTIVE_SEAMLESS, com.google.android.exoplayer2.RendererCapabilities.ADAPTIVE_NOT_SEAMLESS, com.google.android.exoplayer2.RendererCapabilities.ADAPTIVE_NOT_SUPPORTED}" />
    </annotation>
  </item>
  <item name="com.google.android.exoplayer2.trackselection.DefaultTrackSelector void maybeConfigureRenderersForTunneling(com.google.android.exoplayer2.trackselection.MappingTrackSelector.MappedTrackInfo, int[][][], com.google.android.exoplayer2.RendererConfiguration[], com.google.android.exoplayer2.trackselection.ExoTrackSelection[]) 1">
  </item>
  <item name="com.google.android.exoplayer2.trackselection.DefaultTrackSelector.AudioTrackInfo AudioTrackInfo(int, com.google.android.exoplayer2.source.TrackGroup, int, com.google.android.exoplayer2.trackselection.DefaultTrackSelector.Parameters, int, boolean, com.google.common.base.Predicate&lt;com.google.android.exoplayer2.Format&gt;) 4">
  </item>
  <item name="com.google.android.exoplayer2.trackselection.DefaultTrackSelector.AudioTrackInfo com.google.common.collect.ImmutableList&lt;com.google.android.exoplayer2.trackselection.DefaultTrackSelector.AudioTrackInfo&gt; createForTrackGroup(int, com.google.android.exoplayer2.source.TrackGroup, com.google.android.exoplayer2.trackselection.DefaultTrackSelector.Parameters, int[], boolean, com.google.common.base.Predicate&lt;com.google.android.exoplayer2.Format&gt;) 3">
  </item>
  <item name="com.google.android.exoplayer2.trackselection.DefaultTrackSelector.AudioTrackInfo int evaluateSelectionEligibility(int, boolean)">
    <annotation name="androidx.annotation.IntDef">
      <val name="value" val="{com.google.android.exoplayer2.trackselection.DefaultTrackSelector.SELECTION_ELIGIBILITY_NO, com.google.android.exoplayer2.trackselection.DefaultTrackSelector.SELECTION_ELIGIBILITY_FIXED, com.google.android.exoplayer2.trackselection.DefaultTrackSelector.SELECTION_ELIGIBILITY_ADAPTIVE}" />
    </annotation>
  </item>
  <item name="com.google.android.exoplayer2.trackselection.DefaultTrackSelector.AudioTrackInfo int evaluateSelectionEligibility(int, boolean) 0">
  </item>
  <item name="com.google.android.exoplayer2.trackselection.DefaultTrackSelector.AudioTrackInfo int getSelectionEligibility()">
    <annotation name="androidx.annotation.IntDef">
      <val name="value" val="{com.google.android.exoplayer2.trackselection.DefaultTrackSelector.SELECTION_ELIGIBILITY_NO, com.google.android.exoplayer2.trackselection.DefaultTrackSelector.SELECTION_ELIGIBILITY_FIXED, com.google.android.exoplayer2.trackselection.DefaultTrackSelector.SELECTION_ELIGIBILITY_ADAPTIVE}" />
    </annotation>
  </item>
  <item name="com.google.android.exoplayer2.trackselection.DefaultTrackSelector.AudioTrackInfo selectionEligibility">
    <annotation name="androidx.annotation.IntDef">
      <val name="value" val="{com.google.android.exoplayer2.trackselection.DefaultTrackSelector.SELECTION_ELIGIBILITY_NO, com.google.android.exoplayer2.trackselection.DefaultTrackSelector.SELECTION_ELIGIBILITY_FIXED, com.google.android.exoplayer2.trackselection.DefaultTrackSelector.SELECTION_ELIGIBILITY_ADAPTIVE}" />
    </annotation>
  </item>
  <item name="com.google.android.exoplayer2.trackselection.DefaultTrackSelector.OtherTrackScore OtherTrackScore(com.google.android.exoplayer2.Format, int) 1">
  </item>
  <item name="com.google.android.exoplayer2.trackselection.DefaultTrackSelector.SelectionOverride SelectionOverride(int, int[], int) 2">
    <annotation name="androidx.annotation.IntDef">
      <val name="open" val="true" />
      <val name="value" val="{com.google.android.exoplayer2.trackselection.TrackSelection.TYPE_UNSET}" />
    </annotation>
  </item>
  <item name="com.google.android.exoplayer2.trackselection.DefaultTrackSelector.SelectionOverride java.lang.String keyForField(int) 0">
    <annotation name="androidx.annotation.IntDef">
      <val name="value" val="{com.google.android.exoplayer2.trackselection.DefaultTrackSelector.SelectionOverride.FIELD_GROUP_INDEX, com.google.android.exoplayer2.trackselection.DefaultTrackSelector.SelectionOverride.FIELD_TRACKS, com.google.android.exoplayer2.trackselection.DefaultTrackSelector.SelectionOverride.FIELD_TRACK_TYPE}" />
    </annotation>
  </item>
  <item name="com.google.android.exoplayer2.trackselection.DefaultTrackSelector.SelectionOverride type">
    <annotation name="androidx.annotation.IntDef">
      <val name="open" val="true" />
      <val name="value" val="{com.google.android.exoplayer2.trackselection.TrackSelection.TYPE_UNSET}" />
    </annotation>
  </item>
  <item name="com.google.android.exoplayer2.trackselection.DefaultTrackSelector.TextTrackInfo TextTrackInfo(int, com.google.android.exoplayer2.source.TrackGroup, int, com.google.android.exoplayer2.trackselection.DefaultTrackSelector.Parameters, int, java.lang.String) 4">
  </item>
  <item name="com.google.android.exoplayer2.trackselection.DefaultTrackSelector.TextTrackInfo com.google.common.collect.ImmutableList&lt;com.google.android.exoplayer2.trackselection.DefaultTrackSelector.TextTrackInfo&gt; createForTrackGroup(int, com.google.android.exoplayer2.source.TrackGroup, com.google.android.exoplayer2.trackselection.DefaultTrackSelector.Parameters, int[], java.lang.String) 3">
  </item>
  <item name="com.google.android.exoplayer2.trackselection.DefaultTrackSelector.TextTrackInfo int getSelectionEligibility()">
    <annotation name="androidx.annotation.IntDef">
      <val name="value" val="{com.google.android.exoplayer2.trackselection.DefaultTrackSelector.SELECTION_ELIGIBILITY_NO, com.google.android.exoplayer2.trackselection.DefaultTrackSelector.SELECTION_ELIGIBILITY_FIXED, com.google.android.exoplayer2.trackselection.DefaultTrackSelector.SELECTION_ELIGIBILITY_ADAPTIVE}" />
    </annotation>
  </item>
  <item name="com.google.android.exoplayer2.trackselection.DefaultTrackSelector.TextTrackInfo selectionEligibility">
    <annotation name="androidx.annotation.IntDef">
      <val name="value" val="{com.google.android.exoplayer2.trackselection.DefaultTrackSelector.SELECTION_ELIGIBILITY_NO, com.google.android.exoplayer2.trackselection.DefaultTrackSelector.SELECTION_ELIGIBILITY_FIXED, com.google.android.exoplayer2.trackselection.DefaultTrackSelector.SELECTION_ELIGIBILITY_ADAPTIVE}" />
    </annotation>
  </item>
  <item name="com.google.android.exoplayer2.trackselection.DefaultTrackSelector.TrackInfo int getSelectionEligibility()">
    <annotation name="androidx.annotation.IntDef">
      <val name="value" val="{com.google.android.exoplayer2.trackselection.DefaultTrackSelector.SELECTION_ELIGIBILITY_NO, com.google.android.exoplayer2.trackselection.DefaultTrackSelector.SELECTION_ELIGIBILITY_FIXED, com.google.android.exoplayer2.trackselection.DefaultTrackSelector.SELECTION_ELIGIBILITY_ADAPTIVE}" />
    </annotation>
  </item>
  <item name="com.google.android.exoplayer2.trackselection.DefaultTrackSelector.TrackInfo.Factory java.util.List&lt;T&gt; create(int, com.google.android.exoplayer2.source.TrackGroup, int[]) 2">
  </item>
  <item name="com.google.android.exoplayer2.trackselection.DefaultTrackSelector.VideoTrackInfo VideoTrackInfo(int, com.google.android.exoplayer2.source.TrackGroup, int, com.google.android.exoplayer2.trackselection.DefaultTrackSelector.Parameters, int, int, boolean) 4">
  </item>
  <item name="com.google.android.exoplayer2.trackselection.DefaultTrackSelector.VideoTrackInfo VideoTrackInfo(int, com.google.android.exoplayer2.source.TrackGroup, int, com.google.android.exoplayer2.trackselection.DefaultTrackSelector.Parameters, int, int, boolean) 5">
    <annotation name="androidx.annotation.IntDef">
      <val name="value" val="{com.google.android.exoplayer2.RendererCapabilities.ADAPTIVE_SEAMLESS, com.google.android.exoplayer2.RendererCapabilities.ADAPTIVE_NOT_SEAMLESS, com.google.android.exoplayer2.RendererCapabilities.ADAPTIVE_NOT_SUPPORTED}" />
    </annotation>
  </item>
  <item name="com.google.android.exoplayer2.trackselection.DefaultTrackSelector.VideoTrackInfo com.google.common.collect.ImmutableList&lt;com.google.android.exoplayer2.trackselection.DefaultTrackSelector.VideoTrackInfo&gt; createForTrackGroup(int, com.google.android.exoplayer2.source.TrackGroup, com.google.android.exoplayer2.trackselection.DefaultTrackSelector.Parameters, int[], int) 3">
  </item>
  <item name="com.google.android.exoplayer2.trackselection.DefaultTrackSelector.VideoTrackInfo com.google.common.collect.ImmutableList&lt;com.google.android.exoplayer2.trackselection.DefaultTrackSelector.VideoTrackInfo&gt; createForTrackGroup(int, com.google.android.exoplayer2.source.TrackGroup, com.google.android.exoplayer2.trackselection.DefaultTrackSelector.Parameters, int[], int) 4">
    <annotation name="androidx.annotation.IntDef">
      <val name="value" val="{com.google.android.exoplayer2.RendererCapabilities.ADAPTIVE_SEAMLESS, com.google.android.exoplayer2.RendererCapabilities.ADAPTIVE_NOT_SEAMLESS, com.google.android.exoplayer2.RendererCapabilities.ADAPTIVE_NOT_SUPPORTED}" />
    </annotation>
  </item>
  <item name="com.google.android.exoplayer2.trackselection.DefaultTrackSelector.VideoTrackInfo int evaluateSelectionEligibility(int, int)">
    <annotation name="androidx.annotation.IntDef">
      <val name="value" val="{com.google.android.exoplayer2.trackselection.DefaultTrackSelector.SELECTION_ELIGIBILITY_NO, com.google.android.exoplayer2.trackselection.DefaultTrackSelector.SELECTION_ELIGIBILITY_FIXED, com.google.android.exoplayer2.trackselection.DefaultTrackSelector.SELECTION_ELIGIBILITY_ADAPTIVE}" />
    </annotation>
  </item>
  <item name="com.google.android.exoplayer2.trackselection.DefaultTrackSelector.VideoTrackInfo int evaluateSelectionEligibility(int, int) 0">
  </item>
  <item name="com.google.android.exoplayer2.trackselection.DefaultTrackSelector.VideoTrackInfo int evaluateSelectionEligibility(int, int) 1">
    <annotation name="androidx.annotation.IntDef">
      <val name="value" val="{com.google.android.exoplayer2.RendererCapabilities.ADAPTIVE_SEAMLESS, com.google.android.exoplayer2.RendererCapabilities.ADAPTIVE_NOT_SEAMLESS, com.google.android.exoplayer2.RendererCapabilities.ADAPTIVE_NOT_SUPPORTED}" />
    </annotation>
  </item>
  <item name="com.google.android.exoplayer2.trackselection.DefaultTrackSelector.VideoTrackInfo int getSelectionEligibility()">
    <annotation name="androidx.annotation.IntDef">
      <val name="value" val="{com.google.android.exoplayer2.trackselection.DefaultTrackSelector.SELECTION_ELIGIBILITY_NO, com.google.android.exoplayer2.trackselection.DefaultTrackSelector.SELECTION_ELIGIBILITY_FIXED, com.google.android.exoplayer2.trackselection.DefaultTrackSelector.SELECTION_ELIGIBILITY_ADAPTIVE}" />
    </annotation>
  </item>
  <item name="com.google.android.exoplayer2.trackselection.DefaultTrackSelector.VideoTrackInfo selectionEligibility">
    <annotation name="androidx.annotation.IntDef">
      <val name="value" val="{com.google.android.exoplayer2.trackselection.DefaultTrackSelector.SELECTION_ELIGIBILITY_NO, com.google.android.exoplayer2.trackselection.DefaultTrackSelector.SELECTION_ELIGIBILITY_FIXED, com.google.android.exoplayer2.trackselection.DefaultTrackSelector.SELECTION_ELIGIBILITY_ADAPTIVE}" />
    </annotation>
  </item>
  <item name="com.google.android.exoplayer2.trackselection.ExoTrackSelection.Definition Definition(com.google.android.exoplayer2.source.TrackGroup, int[], int) 2">
    <annotation name="androidx.annotation.IntDef">
      <val name="open" val="true" />
      <val name="value" val="{com.google.android.exoplayer2.trackselection.TrackSelection.TYPE_UNSET}" />
    </annotation>
  </item>
  <item name="com.google.android.exoplayer2.trackselection.ExoTrackSelection.Definition type">
    <annotation name="androidx.annotation.IntDef">
      <val name="open" val="true" />
      <val name="value" val="{com.google.android.exoplayer2.trackselection.TrackSelection.TYPE_UNSET}" />
    </annotation>
  </item>
  <item name="com.google.android.exoplayer2.trackselection.FixedTrackSelection FixedTrackSelection(com.google.android.exoplayer2.source.TrackGroup, int, int) 2">
    <annotation name="androidx.annotation.IntDef">
      <val name="open" val="true" />
      <val name="value" val="{com.google.android.exoplayer2.trackselection.TrackSelection.TYPE_UNSET}" />
    </annotation>
  </item>
  <item name="com.google.android.exoplayer2.trackselection.FixedTrackSelection FixedTrackSelection(com.google.android.exoplayer2.source.TrackGroup, int, int, int, java.lang.Object) 2">
    <annotation name="androidx.annotation.IntDef">
      <val name="open" val="true" />
      <val name="value" val="{com.google.android.exoplayer2.trackselection.TrackSelection.TYPE_UNSET}" />
    </annotation>
  </item>
  <item name="com.google.android.exoplayer2.trackselection.MappingTrackSelector android.util.Pair&lt;com.google.android.exoplayer2.RendererConfiguration[],com.google.android.exoplayer2.trackselection.ExoTrackSelection[]&gt; selectTracks(com.google.android.exoplayer2.trackselection.MappingTrackSelector.MappedTrackInfo, int[][][], int[], com.google.android.exoplayer2.source.MediaSource.MediaPeriodId, com.google.android.exoplayer2.Timeline) 1">
  </item>
  <item name="com.google.android.exoplayer2.trackselection.MappingTrackSelector android.util.Pair&lt;com.google.android.exoplayer2.RendererConfiguration[],com.google.android.exoplayer2.trackselection.ExoTrackSelection[]&gt; selectTracks(com.google.android.exoplayer2.trackselection.MappingTrackSelector.MappedTrackInfo, int[][][], int[], com.google.android.exoplayer2.source.MediaSource.MediaPeriodId, com.google.android.exoplayer2.Timeline) 2">
    <annotation name="androidx.annotation.IntDef">
      <val name="value" val="{com.google.android.exoplayer2.RendererCapabilities.ADAPTIVE_SEAMLESS, com.google.android.exoplayer2.RendererCapabilities.ADAPTIVE_NOT_SEAMLESS, com.google.android.exoplayer2.RendererCapabilities.ADAPTIVE_NOT_SUPPORTED}" />
    </annotation>
  </item>
  <item name="com.google.android.exoplayer2.trackselection.MappingTrackSelector int[] getFormatSupport(com.google.android.exoplayer2.RendererCapabilities, com.google.android.exoplayer2.source.TrackGroup)">
  </item>
  <item name="com.google.android.exoplayer2.trackselection.MappingTrackSelector int[] getMixedMimeTypeAdaptationSupports(com.google.android.exoplayer2.RendererCapabilities[])">
    <annotation name="androidx.annotation.IntDef">
      <val name="value" val="{com.google.android.exoplayer2.RendererCapabilities.ADAPTIVE_SEAMLESS, com.google.android.exoplayer2.RendererCapabilities.ADAPTIVE_NOT_SEAMLESS, com.google.android.exoplayer2.RendererCapabilities.ADAPTIVE_NOT_SUPPORTED}" />
    </annotation>
  </item>
  <item name="com.google.android.exoplayer2.trackselection.MappingTrackSelector.MappedTrackInfo MappedTrackInfo(java.lang.String[], int[], com.google.android.exoplayer2.source.TrackGroupArray[], int[], int[][][], com.google.android.exoplayer2.source.TrackGroupArray) 3">
    <annotation name="androidx.annotation.IntDef">
      <val name="value" val="{com.google.android.exoplayer2.RendererCapabilities.ADAPTIVE_SEAMLESS, com.google.android.exoplayer2.RendererCapabilities.ADAPTIVE_NOT_SEAMLESS, com.google.android.exoplayer2.RendererCapabilities.ADAPTIVE_NOT_SUPPORTED}" />
    </annotation>
  </item>
  <item name="com.google.android.exoplayer2.trackselection.MappingTrackSelector.MappedTrackInfo MappedTrackInfo(java.lang.String[], int[], com.google.android.exoplayer2.source.TrackGroupArray[], int[], int[][][], com.google.android.exoplayer2.source.TrackGroupArray) 4">
  </item>
  <item name="com.google.android.exoplayer2.trackselection.MappingTrackSelector.MappedTrackInfo int getAdaptiveSupport(int, int, boolean)">
    <annotation name="androidx.annotation.IntDef">
      <val name="value" val="{com.google.android.exoplayer2.RendererCapabilities.ADAPTIVE_SEAMLESS, com.google.android.exoplayer2.RendererCapabilities.ADAPTIVE_NOT_SEAMLESS, com.google.android.exoplayer2.RendererCapabilities.ADAPTIVE_NOT_SUPPORTED}" />
    </annotation>
  </item>
  <item name="com.google.android.exoplayer2.trackselection.MappingTrackSelector.MappedTrackInfo int getAdaptiveSupport(int, int, int[])">
    <annotation name="androidx.annotation.IntDef">
      <val name="value" val="{com.google.android.exoplayer2.RendererCapabilities.ADAPTIVE_SEAMLESS, com.google.android.exoplayer2.RendererCapabilities.ADAPTIVE_NOT_SEAMLESS, com.google.android.exoplayer2.RendererCapabilities.ADAPTIVE_NOT_SUPPORTED}" />
    </annotation>
  </item>
  <item name="com.google.android.exoplayer2.trackselection.MappingTrackSelector.MappedTrackInfo int getCapabilities(int, int, int)">
  </item>
  <item name="com.google.android.exoplayer2.trackselection.MappingTrackSelector.MappedTrackInfo int getRendererSupport(int)">
    <annotation name="androidx.annotation.IntDef">
      <val name="value" val="{com.google.android.exoplayer2.trackselection.MappingTrackSelector.MappedTrackInfo.RENDERER_SUPPORT_NO_TRACKS, com.google.android.exoplayer2.trackselection.MappingTrackSelector.MappedTrackInfo.RENDERER_SUPPORT_UNSUPPORTED_TRACKS, com.google.android.exoplayer2.trackselection.MappingTrackSelector.MappedTrackInfo.RENDERER_SUPPORT_EXCEEDS_CAPABILITIES_TRACKS, com.google.android.exoplayer2.trackselection.MappingTrackSelector.MappedTrackInfo.RENDERER_SUPPORT_PLAYABLE_TRACKS}" />
    </annotation>
  </item>
  <item name="com.google.android.exoplayer2.trackselection.MappingTrackSelector.MappedTrackInfo int getTypeSupport(int)">
    <annotation name="androidx.annotation.IntDef">
      <val name="value" val="{com.google.android.exoplayer2.trackselection.MappingTrackSelector.MappedTrackInfo.RENDERER_SUPPORT_NO_TRACKS, com.google.android.exoplayer2.trackselection.MappingTrackSelector.MappedTrackInfo.RENDERER_SUPPORT_UNSUPPORTED_TRACKS, com.google.android.exoplayer2.trackselection.MappingTrackSelector.MappedTrackInfo.RENDERER_SUPPORT_EXCEEDS_CAPABILITIES_TRACKS, com.google.android.exoplayer2.trackselection.MappingTrackSelector.MappedTrackInfo.RENDERER_SUPPORT_PLAYABLE_TRACKS}" />
    </annotation>
  </item>
  <item name="com.google.android.exoplayer2.trackselection.MappingTrackSelector.MappedTrackInfo rendererFormatSupports">
  </item>
  <item name="com.google.android.exoplayer2.trackselection.MappingTrackSelector.MappedTrackInfo rendererMixedMimeTypeAdaptiveSupports">
    <annotation name="androidx.annotation.IntDef">
      <val name="value" val="{com.google.android.exoplayer2.RendererCapabilities.ADAPTIVE_SEAMLESS, com.google.android.exoplayer2.RendererCapabilities.ADAPTIVE_NOT_SEAMLESS, com.google.android.exoplayer2.RendererCapabilities.ADAPTIVE_NOT_SUPPORTED}" />
    </annotation>
  </item>
  <item name="com.google.android.exoplayer2.trackselection.MappingTrackSelector.MappedTrackInfo.RendererSupport">
    <annotation name="androidx.annotation.IntDef">
      <val name="value" val="{com.google.android.exoplayer2.trackselection.MappingTrackSelector.MappedTrackInfo.RENDERER_SUPPORT_NO_TRACKS, com.google.android.exoplayer2.trackselection.MappingTrackSelector.MappedTrackInfo.RENDERER_SUPPORT_UNSUPPORTED_TRACKS, com.google.android.exoplayer2.trackselection.MappingTrackSelector.MappedTrackInfo.RENDERER_SUPPORT_EXCEEDS_CAPABILITIES_TRACKS, com.google.android.exoplayer2.trackselection.MappingTrackSelector.MappedTrackInfo.RENDERER_SUPPORT_PLAYABLE_TRACKS}" />
    </annotation>
  </item>
  <item name="com.google.android.exoplayer2.trackselection.TrackSelection int getType()">
    <annotation name="androidx.annotation.IntDef">
      <val name="open" val="true" />
      <val name="value" val="{com.google.android.exoplayer2.trackselection.TrackSelection.TYPE_UNSET}" />
    </annotation>
  </item>
  <item name="com.google.android.exoplayer2.trackselection.TrackSelection.Type">
    <annotation name="androidx.annotation.IntDef">
      <val name="open" val="true" />
      <val name="value" val="{com.google.android.exoplayer2.trackselection.TrackSelection.TYPE_UNSET}" />
    </annotation>
  </item>
</root>

