<?xml version="1.0" encoding="UTF-8"?>
<root>
  <item name="com.google.android.exoplayer2.source.ClippingMediaPeriod.ClippingSampleStream int readData(com.google.android.exoplayer2.FormatHolder, com.google.android.exoplayer2.decoder.DecoderInputBuffer, int) 2">
    <annotation name="androidx.annotation.IntDef">
      <val name="flag" val="true" />
      <val name="value" val="{com.google.android.exoplayer2.source.SampleStream.FLAG_PEEK, com.google.android.exoplayer2.source.SampleStream.FLAG_REQUIRE_FORMAT, com.google.android.exoplayer2.source.SampleStream.FLAG_OMIT_SAMPLE_DATA}" />
    </annotation>
  </item>
  <item name="com.google.android.exoplayer2.source.ClippingMediaSource.IllegalClippingException IllegalClippingException(int) 0">
    <annotation name="androidx.annotation.IntDef">
      <val name="value" val="{com.google.android.exoplayer2.source.ClippingMediaSource.IllegalClippingException.REASON_INVALID_PERIOD_COUNT, com.google.android.exoplayer2.source.ClippingMediaSource.IllegalClippingException.REASON_NOT_SEEKABLE_TO_START, com.google.android.exoplayer2.source.ClippingMediaSource.IllegalClippingException.REASON_START_EXCEEDS_END}" />
    </annotation>
  </item>
  <item name="com.google.android.exoplayer2.source.ClippingMediaSource.IllegalClippingException java.lang.String getReasonDescription(int) 0">
    <annotation name="androidx.annotation.IntDef">
      <val name="value" val="{com.google.android.exoplayer2.source.ClippingMediaSource.IllegalClippingException.REASON_INVALID_PERIOD_COUNT, com.google.android.exoplayer2.source.ClippingMediaSource.IllegalClippingException.REASON_NOT_SEEKABLE_TO_START, com.google.android.exoplayer2.source.ClippingMediaSource.IllegalClippingException.REASON_START_EXCEEDS_END}" />
    </annotation>
  </item>
  <item name="com.google.android.exoplayer2.source.ClippingMediaSource.IllegalClippingException reason">
    <annotation name="androidx.annotation.IntDef">
      <val name="value" val="{com.google.android.exoplayer2.source.ClippingMediaSource.IllegalClippingException.REASON_INVALID_PERIOD_COUNT, com.google.android.exoplayer2.source.ClippingMediaSource.IllegalClippingException.REASON_NOT_SEEKABLE_TO_START, com.google.android.exoplayer2.source.ClippingMediaSource.IllegalClippingException.REASON_START_EXCEEDS_END}" />
    </annotation>
  </item>
  <item name="com.google.android.exoplayer2.source.ClippingMediaSource.IllegalClippingException.Reason">
    <annotation name="androidx.annotation.IntDef">
      <val name="value" val="{com.google.android.exoplayer2.source.ClippingMediaSource.IllegalClippingException.REASON_INVALID_PERIOD_COUNT, com.google.android.exoplayer2.source.ClippingMediaSource.IllegalClippingException.REASON_NOT_SEEKABLE_TO_START, com.google.android.exoplayer2.source.ClippingMediaSource.IllegalClippingException.REASON_START_EXCEEDS_END}" />
    </annotation>
  </item>
  <item name="com.google.android.exoplayer2.source.CompositeMediaSource.ForwardingEventListener void onDrmSessionAcquired(int, com.google.android.exoplayer2.source.MediaSource.MediaPeriodId, int) 2">
    <annotation name="androidx.annotation.IntDef">
      <val name="value" val="{com.google.android.exoplayer2.drm.DrmSession.STATE_RELEASED, com.google.android.exoplayer2.drm.DrmSession.STATE_ERROR, com.google.android.exoplayer2.drm.DrmSession.STATE_OPENING, com.google.android.exoplayer2.drm.DrmSession.STATE_OPENED, com.google.android.exoplayer2.drm.DrmSession.STATE_OPENED_WITH_KEYS}" />
    </annotation>
  </item>
  <item name="com.google.android.exoplayer2.source.EmptySampleStream int readData(com.google.android.exoplayer2.FormatHolder, com.google.android.exoplayer2.decoder.DecoderInputBuffer, int) 2">
    <annotation name="androidx.annotation.IntDef">
      <val name="flag" val="true" />
      <val name="value" val="{com.google.android.exoplayer2.source.SampleStream.FLAG_PEEK, com.google.android.exoplayer2.source.SampleStream.FLAG_REQUIRE_FORMAT, com.google.android.exoplayer2.source.SampleStream.FLAG_OMIT_SAMPLE_DATA}" />
    </annotation>
  </item>
  <item name="com.google.android.exoplayer2.source.MergingMediaPeriod.ForwardingTrackSelection int getType()">
    <annotation name="androidx.annotation.IntDef">
      <val name="open" val="true" />
      <val name="value" val="{com.google.android.exoplayer2.trackselection.TrackSelection.TYPE_UNSET}" />
    </annotation>
  </item>
  <item name="com.google.android.exoplayer2.source.MergingMediaPeriod.TimeOffsetSampleStream int readData(com.google.android.exoplayer2.FormatHolder, com.google.android.exoplayer2.decoder.DecoderInputBuffer, int) 2">
    <annotation name="androidx.annotation.IntDef">
      <val name="flag" val="true" />
      <val name="value" val="{com.google.android.exoplayer2.source.SampleStream.FLAG_PEEK, com.google.android.exoplayer2.source.SampleStream.FLAG_REQUIRE_FORMAT, com.google.android.exoplayer2.source.SampleStream.FLAG_OMIT_SAMPLE_DATA}" />
    </annotation>
  </item>
  <item name="com.google.android.exoplayer2.source.MergingMediaSource.IllegalMergeException IllegalMergeException(int) 0">
    <annotation name="androidx.annotation.IntDef">
      <val name="value" val="{com.google.android.exoplayer2.source.MergingMediaSource.IllegalMergeException.REASON_PERIOD_COUNT_MISMATCH}" />
    </annotation>
  </item>
  <item name="com.google.android.exoplayer2.source.MergingMediaSource.IllegalMergeException reason">
    <annotation name="androidx.annotation.IntDef">
      <val name="value" val="{com.google.android.exoplayer2.source.MergingMediaSource.IllegalMergeException.REASON_PERIOD_COUNT_MISMATCH}" />
    </annotation>
  </item>
  <item name="com.google.android.exoplayer2.source.MergingMediaSource.IllegalMergeException.Reason">
    <annotation name="androidx.annotation.IntDef">
      <val name="value" val="{com.google.android.exoplayer2.source.MergingMediaSource.IllegalMergeException.REASON_PERIOD_COUNT_MISMATCH}" />
    </annotation>
  </item>
  <item name="com.google.android.exoplayer2.source.ProgressiveMediaPeriod int readData(int, com.google.android.exoplayer2.FormatHolder, com.google.android.exoplayer2.decoder.DecoderInputBuffer, int) 3">
    <annotation name="androidx.annotation.IntDef">
      <val name="flag" val="true" />
      <val name="value" val="{com.google.android.exoplayer2.source.SampleStream.FLAG_PEEK, com.google.android.exoplayer2.source.SampleStream.FLAG_REQUIRE_FORMAT, com.google.android.exoplayer2.source.SampleStream.FLAG_OMIT_SAMPLE_DATA}" />
    </annotation>
  </item>
  <item name="com.google.android.exoplayer2.source.ProgressiveMediaPeriod.SampleStreamImpl int readData(com.google.android.exoplayer2.FormatHolder, com.google.android.exoplayer2.decoder.DecoderInputBuffer, int) 2">
    <annotation name="androidx.annotation.IntDef">
      <val name="flag" val="true" />
      <val name="value" val="{com.google.android.exoplayer2.source.SampleStream.FLAG_PEEK, com.google.android.exoplayer2.source.SampleStream.FLAG_REQUIRE_FORMAT, com.google.android.exoplayer2.source.SampleStream.FLAG_OMIT_SAMPLE_DATA}" />
    </annotation>
  </item>
  <item name="com.google.android.exoplayer2.source.SampleQueue int read(com.google.android.exoplayer2.FormatHolder, com.google.android.exoplayer2.decoder.DecoderInputBuffer, int, boolean) 2">
    <annotation name="androidx.annotation.IntDef">
      <val name="flag" val="true" />
      <val name="value" val="{com.google.android.exoplayer2.source.SampleStream.FLAG_PEEK, com.google.android.exoplayer2.source.SampleStream.FLAG_REQUIRE_FORMAT, com.google.android.exoplayer2.source.SampleStream.FLAG_OMIT_SAMPLE_DATA}" />
    </annotation>
  </item>
  <item name="com.google.android.exoplayer2.source.SampleStream int readData(com.google.android.exoplayer2.FormatHolder, com.google.android.exoplayer2.decoder.DecoderInputBuffer, int)">
    <annotation name="androidx.annotation.IntDef">
      <val name="value" val="{com.google.android.exoplayer2.C.RESULT_NOTHING_READ, com.google.android.exoplayer2.C.RESULT_FORMAT_READ, com.google.android.exoplayer2.C.RESULT_BUFFER_READ}" />
    </annotation>
  </item>
  <item name="com.google.android.exoplayer2.source.SampleStream int readData(com.google.android.exoplayer2.FormatHolder, com.google.android.exoplayer2.decoder.DecoderInputBuffer, int) 2">
    <annotation name="androidx.annotation.IntDef">
      <val name="flag" val="true" />
      <val name="value" val="{com.google.android.exoplayer2.source.SampleStream.FLAG_PEEK, com.google.android.exoplayer2.source.SampleStream.FLAG_REQUIRE_FORMAT, com.google.android.exoplayer2.source.SampleStream.FLAG_OMIT_SAMPLE_DATA}" />
    </annotation>
  </item>
  <item name="com.google.android.exoplayer2.source.SampleStream.ReadDataResult">
    <annotation name="androidx.annotation.IntDef">
      <val name="value" val="{com.google.android.exoplayer2.C.RESULT_NOTHING_READ, com.google.android.exoplayer2.C.RESULT_FORMAT_READ, com.google.android.exoplayer2.C.RESULT_BUFFER_READ}" />
    </annotation>
  </item>
  <item name="com.google.android.exoplayer2.source.SampleStream.ReadFlags">
    <annotation name="androidx.annotation.IntDef">
      <val name="flag" val="true" />
      <val name="value" val="{com.google.android.exoplayer2.source.SampleStream.FLAG_PEEK, com.google.android.exoplayer2.source.SampleStream.FLAG_REQUIRE_FORMAT, com.google.android.exoplayer2.source.SampleStream.FLAG_OMIT_SAMPLE_DATA}" />
    </annotation>
  </item>
  <item name="com.google.android.exoplayer2.source.SilenceMediaSource.SilenceSampleStream int readData(com.google.android.exoplayer2.FormatHolder, com.google.android.exoplayer2.decoder.DecoderInputBuffer, int) 2">
    <annotation name="androidx.annotation.IntDef">
      <val name="flag" val="true" />
      <val name="value" val="{com.google.android.exoplayer2.source.SampleStream.FLAG_PEEK, com.google.android.exoplayer2.source.SampleStream.FLAG_REQUIRE_FORMAT, com.google.android.exoplayer2.source.SampleStream.FLAG_OMIT_SAMPLE_DATA}" />
    </annotation>
  </item>
  <item name="com.google.android.exoplayer2.source.SingleSampleMediaPeriod.SampleStreamImpl int readData(com.google.android.exoplayer2.FormatHolder, com.google.android.exoplayer2.decoder.DecoderInputBuffer, int) 2">
    <annotation name="androidx.annotation.IntDef">
      <val name="flag" val="true" />
      <val name="value" val="{com.google.android.exoplayer2.source.SampleStream.FLAG_PEEK, com.google.android.exoplayer2.source.SampleStream.FLAG_REQUIRE_FORMAT, com.google.android.exoplayer2.source.SampleStream.FLAG_OMIT_SAMPLE_DATA}" />
    </annotation>
  </item>
  <item name="com.google.android.exoplayer2.source.TrackGroupArray java.lang.String keyForField(int) 0">
    <annotation name="androidx.annotation.IntDef">
      <val name="value" val="{com.google.android.exoplayer2.source.TrackGroupArray.FIELD_TRACK_GROUPS}" />
    </annotation>
  </item>
</root>

