<?xml version="1.0" encoding="UTF-8"?>
<root>
  <item name="com.google.android.exoplayer2.text.ssa.SsaDecoder android.text.Layout.Alignment toTextAlignment(int) 0">
    <annotation name="androidx.annotation.IntDef">
      <val name="value" val="{com.google.android.exoplayer2.text.ssa.SsaStyle.SSA_ALIGNMENT_UNKNOWN, com.google.android.exoplayer2.text.ssa.SsaStyle.SSA_ALIGNMENT_BOTTOM_LEFT, com.google.android.exoplayer2.text.ssa.SsaStyle.SSA_ALIGNMENT_BOTTOM_CENTER, com.google.android.exoplayer2.text.ssa.SsaStyle.SSA_ALIGNMENT_BOTTOM_RIGHT, com.google.android.exoplayer2.text.ssa.SsaStyle.SSA_ALIGNMENT_MIDDLE_LEFT, com.google.android.exoplayer2.text.ssa.SsaStyle.SSA_ALIGNMENT_MIDDLE_CENTER, com.google.android.exoplayer2.text.ssa.SsaStyle.SSA_ALIGNMENT_MIDDLE_RIGHT, com.google.android.exoplayer2.text.ssa.SsaStyle.SSA_ALIGNMENT_TOP_LEFT, com.google.android.exoplayer2.text.ssa.SsaStyle.SSA_ALIGNMENT_TOP_CENTER, com.google.android.exoplayer2.text.ssa.SsaStyle.SSA_ALIGNMENT_TOP_RIGHT}" />
    </annotation>
  </item>
  <item name="com.google.android.exoplayer2.text.ssa.SsaDecoder int toLineAnchor(int) 0">
    <annotation name="androidx.annotation.IntDef">
      <val name="value" val="{com.google.android.exoplayer2.text.ssa.SsaStyle.SSA_ALIGNMENT_UNKNOWN, com.google.android.exoplayer2.text.ssa.SsaStyle.SSA_ALIGNMENT_BOTTOM_LEFT, com.google.android.exoplayer2.text.ssa.SsaStyle.SSA_ALIGNMENT_BOTTOM_CENTER, com.google.android.exoplayer2.text.ssa.SsaStyle.SSA_ALIGNMENT_BOTTOM_RIGHT, com.google.android.exoplayer2.text.ssa.SsaStyle.SSA_ALIGNMENT_MIDDLE_LEFT, com.google.android.exoplayer2.text.ssa.SsaStyle.SSA_ALIGNMENT_MIDDLE_CENTER, com.google.android.exoplayer2.text.ssa.SsaStyle.SSA_ALIGNMENT_MIDDLE_RIGHT, com.google.android.exoplayer2.text.ssa.SsaStyle.SSA_ALIGNMENT_TOP_LEFT, com.google.android.exoplayer2.text.ssa.SsaStyle.SSA_ALIGNMENT_TOP_CENTER, com.google.android.exoplayer2.text.ssa.SsaStyle.SSA_ALIGNMENT_TOP_RIGHT}" />
    </annotation>
  </item>
  <item name="com.google.android.exoplayer2.text.ssa.SsaDecoder int toPositionAnchor(int) 0">
    <annotation name="androidx.annotation.IntDef">
      <val name="value" val="{com.google.android.exoplayer2.text.ssa.SsaStyle.SSA_ALIGNMENT_UNKNOWN, com.google.android.exoplayer2.text.ssa.SsaStyle.SSA_ALIGNMENT_BOTTOM_LEFT, com.google.android.exoplayer2.text.ssa.SsaStyle.SSA_ALIGNMENT_BOTTOM_CENTER, com.google.android.exoplayer2.text.ssa.SsaStyle.SSA_ALIGNMENT_BOTTOM_RIGHT, com.google.android.exoplayer2.text.ssa.SsaStyle.SSA_ALIGNMENT_MIDDLE_LEFT, com.google.android.exoplayer2.text.ssa.SsaStyle.SSA_ALIGNMENT_MIDDLE_CENTER, com.google.android.exoplayer2.text.ssa.SsaStyle.SSA_ALIGNMENT_MIDDLE_RIGHT, com.google.android.exoplayer2.text.ssa.SsaStyle.SSA_ALIGNMENT_TOP_LEFT, com.google.android.exoplayer2.text.ssa.SsaStyle.SSA_ALIGNMENT_TOP_CENTER, com.google.android.exoplayer2.text.ssa.SsaStyle.SSA_ALIGNMENT_TOP_RIGHT}" />
    </annotation>
  </item>
  <item name="com.google.android.exoplayer2.text.ssa.SsaStyle SsaStyle(java.lang.String, int, java.lang.Integer, java.lang.Integer, float, boolean, boolean, boolean, boolean, int) 1">
    <annotation name="androidx.annotation.IntDef">
      <val name="value" val="{com.google.android.exoplayer2.text.ssa.SsaStyle.SSA_ALIGNMENT_UNKNOWN, com.google.android.exoplayer2.text.ssa.SsaStyle.SSA_ALIGNMENT_BOTTOM_LEFT, com.google.android.exoplayer2.text.ssa.SsaStyle.SSA_ALIGNMENT_BOTTOM_CENTER, com.google.android.exoplayer2.text.ssa.SsaStyle.SSA_ALIGNMENT_BOTTOM_RIGHT, com.google.android.exoplayer2.text.ssa.SsaStyle.SSA_ALIGNMENT_MIDDLE_LEFT, com.google.android.exoplayer2.text.ssa.SsaStyle.SSA_ALIGNMENT_MIDDLE_CENTER, com.google.android.exoplayer2.text.ssa.SsaStyle.SSA_ALIGNMENT_MIDDLE_RIGHT, com.google.android.exoplayer2.text.ssa.SsaStyle.SSA_ALIGNMENT_TOP_LEFT, com.google.android.exoplayer2.text.ssa.SsaStyle.SSA_ALIGNMENT_TOP_CENTER, com.google.android.exoplayer2.text.ssa.SsaStyle.SSA_ALIGNMENT_TOP_RIGHT}" />
    </annotation>
  </item>
  <item name="com.google.android.exoplayer2.text.ssa.SsaStyle SsaStyle(java.lang.String, int, java.lang.Integer, java.lang.Integer, float, boolean, boolean, boolean, boolean, int) 9">
    <annotation name="androidx.annotation.IntDef">
      <val name="value" val="{com.google.android.exoplayer2.text.ssa.SsaStyle.SSA_BORDER_STYLE_UNKNOWN, com.google.android.exoplayer2.text.ssa.SsaStyle.SSA_BORDER_STYLE_OUTLINE, com.google.android.exoplayer2.text.ssa.SsaStyle.SSA_BORDER_STYLE_BOX}" />
    </annotation>
  </item>
  <item name="com.google.android.exoplayer2.text.ssa.SsaStyle alignment">
    <annotation name="androidx.annotation.IntDef">
      <val name="value" val="{com.google.android.exoplayer2.text.ssa.SsaStyle.SSA_ALIGNMENT_UNKNOWN, com.google.android.exoplayer2.text.ssa.SsaStyle.SSA_ALIGNMENT_BOTTOM_LEFT, com.google.android.exoplayer2.text.ssa.SsaStyle.SSA_ALIGNMENT_BOTTOM_CENTER, com.google.android.exoplayer2.text.ssa.SsaStyle.SSA_ALIGNMENT_BOTTOM_RIGHT, com.google.android.exoplayer2.text.ssa.SsaStyle.SSA_ALIGNMENT_MIDDLE_LEFT, com.google.android.exoplayer2.text.ssa.SsaStyle.SSA_ALIGNMENT_MIDDLE_CENTER, com.google.android.exoplayer2.text.ssa.SsaStyle.SSA_ALIGNMENT_MIDDLE_RIGHT, com.google.android.exoplayer2.text.ssa.SsaStyle.SSA_ALIGNMENT_TOP_LEFT, com.google.android.exoplayer2.text.ssa.SsaStyle.SSA_ALIGNMENT_TOP_CENTER, com.google.android.exoplayer2.text.ssa.SsaStyle.SSA_ALIGNMENT_TOP_RIGHT}" />
    </annotation>
  </item>
  <item name="com.google.android.exoplayer2.text.ssa.SsaStyle boolean isValidAlignment(int) 0">
    <annotation name="androidx.annotation.IntDef">
      <val name="value" val="{com.google.android.exoplayer2.text.ssa.SsaStyle.SSA_ALIGNMENT_UNKNOWN, com.google.android.exoplayer2.text.ssa.SsaStyle.SSA_ALIGNMENT_BOTTOM_LEFT, com.google.android.exoplayer2.text.ssa.SsaStyle.SSA_ALIGNMENT_BOTTOM_CENTER, com.google.android.exoplayer2.text.ssa.SsaStyle.SSA_ALIGNMENT_BOTTOM_RIGHT, com.google.android.exoplayer2.text.ssa.SsaStyle.SSA_ALIGNMENT_MIDDLE_LEFT, com.google.android.exoplayer2.text.ssa.SsaStyle.SSA_ALIGNMENT_MIDDLE_CENTER, com.google.android.exoplayer2.text.ssa.SsaStyle.SSA_ALIGNMENT_MIDDLE_RIGHT, com.google.android.exoplayer2.text.ssa.SsaStyle.SSA_ALIGNMENT_TOP_LEFT, com.google.android.exoplayer2.text.ssa.SsaStyle.SSA_ALIGNMENT_TOP_CENTER, com.google.android.exoplayer2.text.ssa.SsaStyle.SSA_ALIGNMENT_TOP_RIGHT}" />
    </annotation>
  </item>
  <item name="com.google.android.exoplayer2.text.ssa.SsaStyle boolean isValidBorderStyle(int) 0">
    <annotation name="androidx.annotation.IntDef">
      <val name="value" val="{com.google.android.exoplayer2.text.ssa.SsaStyle.SSA_BORDER_STYLE_UNKNOWN, com.google.android.exoplayer2.text.ssa.SsaStyle.SSA_BORDER_STYLE_OUTLINE, com.google.android.exoplayer2.text.ssa.SsaStyle.SSA_BORDER_STYLE_BOX}" />
    </annotation>
  </item>
  <item name="com.google.android.exoplayer2.text.ssa.SsaStyle borderStyle">
    <annotation name="androidx.annotation.IntDef">
      <val name="value" val="{com.google.android.exoplayer2.text.ssa.SsaStyle.SSA_BORDER_STYLE_UNKNOWN, com.google.android.exoplayer2.text.ssa.SsaStyle.SSA_BORDER_STYLE_OUTLINE, com.google.android.exoplayer2.text.ssa.SsaStyle.SSA_BORDER_STYLE_BOX}" />
    </annotation>
  </item>
  <item name="com.google.android.exoplayer2.text.ssa.SsaStyle int parseAlignment(java.lang.String)">
    <annotation name="androidx.annotation.IntDef">
      <val name="value" val="{com.google.android.exoplayer2.text.ssa.SsaStyle.SSA_ALIGNMENT_UNKNOWN, com.google.android.exoplayer2.text.ssa.SsaStyle.SSA_ALIGNMENT_BOTTOM_LEFT, com.google.android.exoplayer2.text.ssa.SsaStyle.SSA_ALIGNMENT_BOTTOM_CENTER, com.google.android.exoplayer2.text.ssa.SsaStyle.SSA_ALIGNMENT_BOTTOM_RIGHT, com.google.android.exoplayer2.text.ssa.SsaStyle.SSA_ALIGNMENT_MIDDLE_LEFT, com.google.android.exoplayer2.text.ssa.SsaStyle.SSA_ALIGNMENT_MIDDLE_CENTER, com.google.android.exoplayer2.text.ssa.SsaStyle.SSA_ALIGNMENT_MIDDLE_RIGHT, com.google.android.exoplayer2.text.ssa.SsaStyle.SSA_ALIGNMENT_TOP_LEFT, com.google.android.exoplayer2.text.ssa.SsaStyle.SSA_ALIGNMENT_TOP_CENTER, com.google.android.exoplayer2.text.ssa.SsaStyle.SSA_ALIGNMENT_TOP_RIGHT}" />
    </annotation>
  </item>
  <item name="com.google.android.exoplayer2.text.ssa.SsaStyle int parseBorderStyle(java.lang.String)">
    <annotation name="androidx.annotation.IntDef">
      <val name="value" val="{com.google.android.exoplayer2.text.ssa.SsaStyle.SSA_BORDER_STYLE_UNKNOWN, com.google.android.exoplayer2.text.ssa.SsaStyle.SSA_BORDER_STYLE_OUTLINE, com.google.android.exoplayer2.text.ssa.SsaStyle.SSA_BORDER_STYLE_BOX}" />
    </annotation>
  </item>
  <item name="com.google.android.exoplayer2.text.ssa.SsaStyle.Overrides Overrides(int, android.graphics.PointF) 0">
    <annotation name="androidx.annotation.IntDef">
      <val name="value" val="{com.google.android.exoplayer2.text.ssa.SsaStyle.SSA_ALIGNMENT_UNKNOWN, com.google.android.exoplayer2.text.ssa.SsaStyle.SSA_ALIGNMENT_BOTTOM_LEFT, com.google.android.exoplayer2.text.ssa.SsaStyle.SSA_ALIGNMENT_BOTTOM_CENTER, com.google.android.exoplayer2.text.ssa.SsaStyle.SSA_ALIGNMENT_BOTTOM_RIGHT, com.google.android.exoplayer2.text.ssa.SsaStyle.SSA_ALIGNMENT_MIDDLE_LEFT, com.google.android.exoplayer2.text.ssa.SsaStyle.SSA_ALIGNMENT_MIDDLE_CENTER, com.google.android.exoplayer2.text.ssa.SsaStyle.SSA_ALIGNMENT_MIDDLE_RIGHT, com.google.android.exoplayer2.text.ssa.SsaStyle.SSA_ALIGNMENT_TOP_LEFT, com.google.android.exoplayer2.text.ssa.SsaStyle.SSA_ALIGNMENT_TOP_CENTER, com.google.android.exoplayer2.text.ssa.SsaStyle.SSA_ALIGNMENT_TOP_RIGHT}" />
    </annotation>
  </item>
  <item name="com.google.android.exoplayer2.text.ssa.SsaStyle.Overrides alignment">
    <annotation name="androidx.annotation.IntDef">
      <val name="value" val="{com.google.android.exoplayer2.text.ssa.SsaStyle.SSA_ALIGNMENT_UNKNOWN, com.google.android.exoplayer2.text.ssa.SsaStyle.SSA_ALIGNMENT_BOTTOM_LEFT, com.google.android.exoplayer2.text.ssa.SsaStyle.SSA_ALIGNMENT_BOTTOM_CENTER, com.google.android.exoplayer2.text.ssa.SsaStyle.SSA_ALIGNMENT_BOTTOM_RIGHT, com.google.android.exoplayer2.text.ssa.SsaStyle.SSA_ALIGNMENT_MIDDLE_LEFT, com.google.android.exoplayer2.text.ssa.SsaStyle.SSA_ALIGNMENT_MIDDLE_CENTER, com.google.android.exoplayer2.text.ssa.SsaStyle.SSA_ALIGNMENT_MIDDLE_RIGHT, com.google.android.exoplayer2.text.ssa.SsaStyle.SSA_ALIGNMENT_TOP_LEFT, com.google.android.exoplayer2.text.ssa.SsaStyle.SSA_ALIGNMENT_TOP_CENTER, com.google.android.exoplayer2.text.ssa.SsaStyle.SSA_ALIGNMENT_TOP_RIGHT}" />
    </annotation>
  </item>
  <item name="com.google.android.exoplayer2.text.ssa.SsaStyle.Overrides int parseAlignmentOverride(java.lang.String)">
    <annotation name="androidx.annotation.IntDef">
      <val name="value" val="{com.google.android.exoplayer2.text.ssa.SsaStyle.SSA_ALIGNMENT_UNKNOWN, com.google.android.exoplayer2.text.ssa.SsaStyle.SSA_ALIGNMENT_BOTTOM_LEFT, com.google.android.exoplayer2.text.ssa.SsaStyle.SSA_ALIGNMENT_BOTTOM_CENTER, com.google.android.exoplayer2.text.ssa.SsaStyle.SSA_ALIGNMENT_BOTTOM_RIGHT, com.google.android.exoplayer2.text.ssa.SsaStyle.SSA_ALIGNMENT_MIDDLE_LEFT, com.google.android.exoplayer2.text.ssa.SsaStyle.SSA_ALIGNMENT_MIDDLE_CENTER, com.google.android.exoplayer2.text.ssa.SsaStyle.SSA_ALIGNMENT_MIDDLE_RIGHT, com.google.android.exoplayer2.text.ssa.SsaStyle.SSA_ALIGNMENT_TOP_LEFT, com.google.android.exoplayer2.text.ssa.SsaStyle.SSA_ALIGNMENT_TOP_CENTER, com.google.android.exoplayer2.text.ssa.SsaStyle.SSA_ALIGNMENT_TOP_RIGHT}" />
    </annotation>
  </item>
  <item name="com.google.android.exoplayer2.text.ssa.SsaStyle.SsaAlignment">
    <annotation name="androidx.annotation.IntDef">
      <val name="value" val="{com.google.android.exoplayer2.text.ssa.SsaStyle.SSA_ALIGNMENT_UNKNOWN, com.google.android.exoplayer2.text.ssa.SsaStyle.SSA_ALIGNMENT_BOTTOM_LEFT, com.google.android.exoplayer2.text.ssa.SsaStyle.SSA_ALIGNMENT_BOTTOM_CENTER, com.google.android.exoplayer2.text.ssa.SsaStyle.SSA_ALIGNMENT_BOTTOM_RIGHT, com.google.android.exoplayer2.text.ssa.SsaStyle.SSA_ALIGNMENT_MIDDLE_LEFT, com.google.android.exoplayer2.text.ssa.SsaStyle.SSA_ALIGNMENT_MIDDLE_CENTER, com.google.android.exoplayer2.text.ssa.SsaStyle.SSA_ALIGNMENT_MIDDLE_RIGHT, com.google.android.exoplayer2.text.ssa.SsaStyle.SSA_ALIGNMENT_TOP_LEFT, com.google.android.exoplayer2.text.ssa.SsaStyle.SSA_ALIGNMENT_TOP_CENTER, com.google.android.exoplayer2.text.ssa.SsaStyle.SSA_ALIGNMENT_TOP_RIGHT}" />
    </annotation>
  </item>
  <item name="com.google.android.exoplayer2.text.ssa.SsaStyle.SsaBorderStyle">
    <annotation name="androidx.annotation.IntDef">
      <val name="value" val="{com.google.android.exoplayer2.text.ssa.SsaStyle.SSA_BORDER_STYLE_UNKNOWN, com.google.android.exoplayer2.text.ssa.SsaStyle.SSA_BORDER_STYLE_OUTLINE, com.google.android.exoplayer2.text.ssa.SsaStyle.SSA_BORDER_STYLE_BOX}" />
    </annotation>
  </item>
</root>

