<?xml version="1.0" encoding="UTF-8"?>
<root>
  <item name="com.google.android.exoplayer2.source.rtsp.MediaDescription mediaType">
    <annotation name="androidx.annotation.StringDef">
      <val name="value" val="{com.google.android.exoplayer2.source.rtsp.MediaDescription.MEDIA_TYPE_VIDEO, com.google.android.exoplayer2.source.rtsp.MediaDescription.MEDIA_TYPE_AUDIO}" />
    </annotation>
  </item>
  <item name="com.google.android.exoplayer2.source.rtsp.MediaDescription.MediaType">
    <annotation name="androidx.annotation.StringDef">
      <val name="value" val="{com.google.android.exoplayer2.source.rtsp.MediaDescription.MEDIA_TYPE_VIDEO, com.google.android.exoplayer2.source.rtsp.MediaDescription.MEDIA_TYPE_AUDIO}" />
    </annotation>
  </item>
  <item name="com.google.android.exoplayer2.source.rtsp.RtspAuthenticationInfo RtspAuthenticationInfo(int, java.lang.String, java.lang.String, java.lang.String) 0">
    <annotation name="androidx.annotation.IntDef">
      <val name="value" val="{com.google.android.exoplayer2.source.rtsp.RtspAuthenticationInfo.BASIC, com.google.android.exoplayer2.source.rtsp.RtspAuthenticationInfo.DIGEST}" />
    </annotation>
  </item>
  <item name="com.google.android.exoplayer2.source.rtsp.RtspAuthenticationInfo authenticationMechanism">
    <annotation name="androidx.annotation.IntDef">
      <val name="value" val="{com.google.android.exoplayer2.source.rtsp.RtspAuthenticationInfo.BASIC, com.google.android.exoplayer2.source.rtsp.RtspAuthenticationInfo.DIGEST}" />
    </annotation>
  </item>
  <item name="com.google.android.exoplayer2.source.rtsp.RtspAuthenticationInfo java.lang.String getAuthorizationHeaderValue(com.google.android.exoplayer2.source.rtsp.RtspMessageUtil.RtspAuthUserInfo, android.net.Uri, int) 2">
    <annotation name="androidx.annotation.IntDef">
      <val name="value" val="{com.google.android.exoplayer2.source.rtsp.RtspRequest.METHOD_UNSET, com.google.android.exoplayer2.source.rtsp.RtspRequest.METHOD_ANNOUNCE, com.google.android.exoplayer2.source.rtsp.RtspRequest.METHOD_DESCRIBE, com.google.android.exoplayer2.source.rtsp.RtspRequest.METHOD_GET_PARAMETER, com.google.android.exoplayer2.source.rtsp.RtspRequest.METHOD_OPTIONS, com.google.android.exoplayer2.source.rtsp.RtspRequest.METHOD_PAUSE, com.google.android.exoplayer2.source.rtsp.RtspRequest.METHOD_PLAY, com.google.android.exoplayer2.source.rtsp.RtspRequest.METHOD_PLAY_NOTIFY, com.google.android.exoplayer2.source.rtsp.RtspRequest.METHOD_RECORD, com.google.android.exoplayer2.source.rtsp.RtspRequest.METHOD_REDIRECT, com.google.android.exoplayer2.source.rtsp.RtspRequest.METHOD_SETUP, com.google.android.exoplayer2.source.rtsp.RtspRequest.METHOD_SET_PARAMETER, com.google.android.exoplayer2.source.rtsp.RtspRequest.METHOD_TEARDOWN}" />
    </annotation>
  </item>
  <item name="com.google.android.exoplayer2.source.rtsp.RtspAuthenticationInfo java.lang.String getDigestAuthorizationHeaderValue(com.google.android.exoplayer2.source.rtsp.RtspMessageUtil.RtspAuthUserInfo, android.net.Uri, int) 2">
    <annotation name="androidx.annotation.IntDef">
      <val name="value" val="{com.google.android.exoplayer2.source.rtsp.RtspRequest.METHOD_UNSET, com.google.android.exoplayer2.source.rtsp.RtspRequest.METHOD_ANNOUNCE, com.google.android.exoplayer2.source.rtsp.RtspRequest.METHOD_DESCRIBE, com.google.android.exoplayer2.source.rtsp.RtspRequest.METHOD_GET_PARAMETER, com.google.android.exoplayer2.source.rtsp.RtspRequest.METHOD_OPTIONS, com.google.android.exoplayer2.source.rtsp.RtspRequest.METHOD_PAUSE, com.google.android.exoplayer2.source.rtsp.RtspRequest.METHOD_PLAY, com.google.android.exoplayer2.source.rtsp.RtspRequest.METHOD_PLAY_NOTIFY, com.google.android.exoplayer2.source.rtsp.RtspRequest.METHOD_RECORD, com.google.android.exoplayer2.source.rtsp.RtspRequest.METHOD_REDIRECT, com.google.android.exoplayer2.source.rtsp.RtspRequest.METHOD_SETUP, com.google.android.exoplayer2.source.rtsp.RtspRequest.METHOD_SET_PARAMETER, com.google.android.exoplayer2.source.rtsp.RtspRequest.METHOD_TEARDOWN}" />
    </annotation>
  </item>
  <item name="com.google.android.exoplayer2.source.rtsp.RtspClient int getState()">
    <annotation name="androidx.annotation.IntDef">
      <val name="value" val="{com.google.android.exoplayer2.source.rtsp.RtspClient.RTSP_STATE_UNINITIALIZED, com.google.android.exoplayer2.source.rtsp.RtspClient.RTSP_STATE_INIT, com.google.android.exoplayer2.source.rtsp.RtspClient.RTSP_STATE_READY, com.google.android.exoplayer2.source.rtsp.RtspClient.RTSP_STATE_PLAYING}" />
    </annotation>
  </item>
  <item name="com.google.android.exoplayer2.source.rtsp.RtspClient rtspState">
    <annotation name="androidx.annotation.IntDef">
      <val name="value" val="{com.google.android.exoplayer2.source.rtsp.RtspClient.RTSP_STATE_UNINITIALIZED, com.google.android.exoplayer2.source.rtsp.RtspClient.RTSP_STATE_INIT, com.google.android.exoplayer2.source.rtsp.RtspClient.RTSP_STATE_READY, com.google.android.exoplayer2.source.rtsp.RtspClient.RTSP_STATE_PLAYING}" />
    </annotation>
  </item>
  <item name="com.google.android.exoplayer2.source.rtsp.RtspClient.MessageSender com.google.android.exoplayer2.source.rtsp.RtspRequest getRequestWithCommonHeaders(int, java.lang.String, java.util.Map&lt;java.lang.String,java.lang.String&gt;, android.net.Uri) 0">
    <annotation name="androidx.annotation.IntDef">
      <val name="value" val="{com.google.android.exoplayer2.source.rtsp.RtspRequest.METHOD_UNSET, com.google.android.exoplayer2.source.rtsp.RtspRequest.METHOD_ANNOUNCE, com.google.android.exoplayer2.source.rtsp.RtspRequest.METHOD_DESCRIBE, com.google.android.exoplayer2.source.rtsp.RtspRequest.METHOD_GET_PARAMETER, com.google.android.exoplayer2.source.rtsp.RtspRequest.METHOD_OPTIONS, com.google.android.exoplayer2.source.rtsp.RtspRequest.METHOD_PAUSE, com.google.android.exoplayer2.source.rtsp.RtspRequest.METHOD_PLAY, com.google.android.exoplayer2.source.rtsp.RtspRequest.METHOD_PLAY_NOTIFY, com.google.android.exoplayer2.source.rtsp.RtspRequest.METHOD_RECORD, com.google.android.exoplayer2.source.rtsp.RtspRequest.METHOD_REDIRECT, com.google.android.exoplayer2.source.rtsp.RtspRequest.METHOD_SETUP, com.google.android.exoplayer2.source.rtsp.RtspRequest.METHOD_SET_PARAMETER, com.google.android.exoplayer2.source.rtsp.RtspRequest.METHOD_TEARDOWN}" />
    </annotation>
  </item>
  <item name="com.google.android.exoplayer2.source.rtsp.RtspClient.RtspState">
    <annotation name="androidx.annotation.IntDef">
      <val name="value" val="{com.google.android.exoplayer2.source.rtsp.RtspClient.RTSP_STATE_UNINITIALIZED, com.google.android.exoplayer2.source.rtsp.RtspClient.RTSP_STATE_INIT, com.google.android.exoplayer2.source.rtsp.RtspClient.RTSP_STATE_READY, com.google.android.exoplayer2.source.rtsp.RtspClient.RTSP_STATE_PLAYING}" />
    </annotation>
  </item>
  <item name="com.google.android.exoplayer2.source.rtsp.RtspMessageChannel.MessageParser state">
    <annotation name="androidx.annotation.IntDef">
      <val name="value" val="{com.google.android.exoplayer2.source.rtsp.RtspMessageChannel.MessageParser.STATE_READING_FIRST_LINE, com.google.android.exoplayer2.source.rtsp.RtspMessageChannel.MessageParser.STATE_READING_HEADER, com.google.android.exoplayer2.source.rtsp.RtspMessageChannel.MessageParser.STATE_READING_BODY}" />
    </annotation>
  </item>
  <item name="com.google.android.exoplayer2.source.rtsp.RtspMessageUtil int parseMethodString(java.lang.String)">
    <annotation name="androidx.annotation.IntDef">
      <val name="value" val="{com.google.android.exoplayer2.source.rtsp.RtspRequest.METHOD_UNSET, com.google.android.exoplayer2.source.rtsp.RtspRequest.METHOD_ANNOUNCE, com.google.android.exoplayer2.source.rtsp.RtspRequest.METHOD_DESCRIBE, com.google.android.exoplayer2.source.rtsp.RtspRequest.METHOD_GET_PARAMETER, com.google.android.exoplayer2.source.rtsp.RtspRequest.METHOD_OPTIONS, com.google.android.exoplayer2.source.rtsp.RtspRequest.METHOD_PAUSE, com.google.android.exoplayer2.source.rtsp.RtspRequest.METHOD_PLAY, com.google.android.exoplayer2.source.rtsp.RtspRequest.METHOD_PLAY_NOTIFY, com.google.android.exoplayer2.source.rtsp.RtspRequest.METHOD_RECORD, com.google.android.exoplayer2.source.rtsp.RtspRequest.METHOD_REDIRECT, com.google.android.exoplayer2.source.rtsp.RtspRequest.METHOD_SETUP, com.google.android.exoplayer2.source.rtsp.RtspRequest.METHOD_SET_PARAMETER, com.google.android.exoplayer2.source.rtsp.RtspRequest.METHOD_TEARDOWN}" />
    </annotation>
  </item>
  <item name="com.google.android.exoplayer2.source.rtsp.RtspMessageUtil java.lang.String toMethodString(int) 0">
    <annotation name="androidx.annotation.IntDef">
      <val name="value" val="{com.google.android.exoplayer2.source.rtsp.RtspRequest.METHOD_UNSET, com.google.android.exoplayer2.source.rtsp.RtspRequest.METHOD_ANNOUNCE, com.google.android.exoplayer2.source.rtsp.RtspRequest.METHOD_DESCRIBE, com.google.android.exoplayer2.source.rtsp.RtspRequest.METHOD_GET_PARAMETER, com.google.android.exoplayer2.source.rtsp.RtspRequest.METHOD_OPTIONS, com.google.android.exoplayer2.source.rtsp.RtspRequest.METHOD_PAUSE, com.google.android.exoplayer2.source.rtsp.RtspRequest.METHOD_PLAY, com.google.android.exoplayer2.source.rtsp.RtspRequest.METHOD_PLAY_NOTIFY, com.google.android.exoplayer2.source.rtsp.RtspRequest.METHOD_RECORD, com.google.android.exoplayer2.source.rtsp.RtspRequest.METHOD_REDIRECT, com.google.android.exoplayer2.source.rtsp.RtspRequest.METHOD_SETUP, com.google.android.exoplayer2.source.rtsp.RtspRequest.METHOD_SET_PARAMETER, com.google.android.exoplayer2.source.rtsp.RtspRequest.METHOD_TEARDOWN}" />
    </annotation>
  </item>
  <item name="com.google.android.exoplayer2.source.rtsp.RtspRequest RtspRequest(android.net.Uri, int, com.google.android.exoplayer2.source.rtsp.RtspHeaders, java.lang.String) 1">
    <annotation name="androidx.annotation.IntDef">
      <val name="value" val="{com.google.android.exoplayer2.source.rtsp.RtspRequest.METHOD_UNSET, com.google.android.exoplayer2.source.rtsp.RtspRequest.METHOD_ANNOUNCE, com.google.android.exoplayer2.source.rtsp.RtspRequest.METHOD_DESCRIBE, com.google.android.exoplayer2.source.rtsp.RtspRequest.METHOD_GET_PARAMETER, com.google.android.exoplayer2.source.rtsp.RtspRequest.METHOD_OPTIONS, com.google.android.exoplayer2.source.rtsp.RtspRequest.METHOD_PAUSE, com.google.android.exoplayer2.source.rtsp.RtspRequest.METHOD_PLAY, com.google.android.exoplayer2.source.rtsp.RtspRequest.METHOD_PLAY_NOTIFY, com.google.android.exoplayer2.source.rtsp.RtspRequest.METHOD_RECORD, com.google.android.exoplayer2.source.rtsp.RtspRequest.METHOD_REDIRECT, com.google.android.exoplayer2.source.rtsp.RtspRequest.METHOD_SETUP, com.google.android.exoplayer2.source.rtsp.RtspRequest.METHOD_SET_PARAMETER, com.google.android.exoplayer2.source.rtsp.RtspRequest.METHOD_TEARDOWN}" />
    </annotation>
  </item>
  <item name="com.google.android.exoplayer2.source.rtsp.RtspRequest method">
    <annotation name="androidx.annotation.IntDef">
      <val name="value" val="{com.google.android.exoplayer2.source.rtsp.RtspRequest.METHOD_UNSET, com.google.android.exoplayer2.source.rtsp.RtspRequest.METHOD_ANNOUNCE, com.google.android.exoplayer2.source.rtsp.RtspRequest.METHOD_DESCRIBE, com.google.android.exoplayer2.source.rtsp.RtspRequest.METHOD_GET_PARAMETER, com.google.android.exoplayer2.source.rtsp.RtspRequest.METHOD_OPTIONS, com.google.android.exoplayer2.source.rtsp.RtspRequest.METHOD_PAUSE, com.google.android.exoplayer2.source.rtsp.RtspRequest.METHOD_PLAY, com.google.android.exoplayer2.source.rtsp.RtspRequest.METHOD_PLAY_NOTIFY, com.google.android.exoplayer2.source.rtsp.RtspRequest.METHOD_RECORD, com.google.android.exoplayer2.source.rtsp.RtspRequest.METHOD_REDIRECT, com.google.android.exoplayer2.source.rtsp.RtspRequest.METHOD_SETUP, com.google.android.exoplayer2.source.rtsp.RtspRequest.METHOD_SET_PARAMETER, com.google.android.exoplayer2.source.rtsp.RtspRequest.METHOD_TEARDOWN}" />
    </annotation>
  </item>
  <item name="com.google.android.exoplayer2.source.rtsp.RtspRequest.Method">
    <annotation name="androidx.annotation.IntDef">
      <val name="value" val="{com.google.android.exoplayer2.source.rtsp.RtspRequest.METHOD_UNSET, com.google.android.exoplayer2.source.rtsp.RtspRequest.METHOD_ANNOUNCE, com.google.android.exoplayer2.source.rtsp.RtspRequest.METHOD_DESCRIBE, com.google.android.exoplayer2.source.rtsp.RtspRequest.METHOD_GET_PARAMETER, com.google.android.exoplayer2.source.rtsp.RtspRequest.METHOD_OPTIONS, com.google.android.exoplayer2.source.rtsp.RtspRequest.METHOD_PAUSE, com.google.android.exoplayer2.source.rtsp.RtspRequest.METHOD_PLAY, com.google.android.exoplayer2.source.rtsp.RtspRequest.METHOD_PLAY_NOTIFY, com.google.android.exoplayer2.source.rtsp.RtspRequest.METHOD_RECORD, com.google.android.exoplayer2.source.rtsp.RtspRequest.METHOD_REDIRECT, com.google.android.exoplayer2.source.rtsp.RtspRequest.METHOD_SETUP, com.google.android.exoplayer2.source.rtsp.RtspRequest.METHOD_SET_PARAMETER, com.google.android.exoplayer2.source.rtsp.RtspRequest.METHOD_TEARDOWN}" />
    </annotation>
  </item>
</root>

